seed,cohort,evaluator,method,client,score
4101,A,sample_frequency,shapley,3,0.010096659799727625
4101,A,sample_frequency,shapley,5,0.0013766950175546637
4101,A,sample_frequency,shapley,6,0.00574799390477021
4101,A,sample_frequency,shapley,8,0.01191106466881109
4101,A,sample_frequency,leave_one_out,3,0.0008929522808071022
4101,A,sample_frequency,leave_one_out,5,-0.00234953371323543
4101,A,sample_frequency,leave_one_out,6,-0.0012085989865756597
4101,A,sample_frequency,leave_one_out,8,0.004693596136187139
4101,A,sample_frequency,data_size,3,0.27301841473178545
4101,A,sample_frequency,data_size,5,0.24179343474779824
4101,A,sample_frequency,data_size,6,0.2602081665332266
4101,A,sample_frequency,data_size,8,0.22497998398718974
4101,A,equal_class,shapley,3,0.00970544980426701
4101,A,equal_class,shapley,5,0.004519902368352933
4101,A,equal_class,shapley,6,0.007026425745322501
4101,A,equal_class,shapley,8,0.01024750335595312
4101,A,equal_class,leave_one_out,3,0.00024654420143721545
4101,A,equal_class,leave_one_out,5,-0.0009461484975074042
4101,A,equal_class,leave_one_out,6,-0.0008754063382361288
4101,A,equal_class,leave_one_out,8,0.0037976670784657385
4101,A,equal_class,data_size,3,0.27301841473178545
4101,A,equal_class,data_size,5,0.24179343474779824
4101,A,equal_class,data_size,6,0.2602081665332266
4101,A,equal_class,data_size,8,0.22497998398718974
4101,A,equal_subject,shapley,3,0.010193111146440956
4101,A,equal_subject,shapley,5,0.0015574748523378983
4101,A,equal_subject,shapley,6,0.005785163227232631
4101,A,equal_subject,shapley,8,0.011575870703847514
4101,A,equal_subject,leave_one_out,3,0.0009458161743821636
4101,A,equal_subject,leave_one_out,5,-0.00224718302201099
4101,A,equal_subject,leave_one_out,6,-0.0011882441231271246
4101,A,equal_subject,leave_one_out,8,0.004541132178786267
4101,A,equal_subject,data_size,3,0.27301841473178545
4101,A,equal_subject,data_size,5,0.24179343474779824
4101,A,equal_subject,data_size,6,0.2602081665332266
4101,A,equal_subject,data_size,8,0.22497998398718974
4101,B,sample_frequency,shapley,11,0.00923358092992707
4101,B,sample_frequency,shapley,14,-0.0033050496035264645
4101,B,sample_frequency,shapley,16,0.00797641196167693
4101,B,sample_frequency,shapley,17,0.013138034352069313
4101,B,sample_frequency,leave_one_out,11,0.002291808137982909
4101,B,sample_frequency,leave_one_out,14,-0.0012278560599501276
4101,B,sample_frequency,leave_one_out,16,-3.5131450527581265e-05
4101,B,sample_frequency,leave_one_out,17,0.003556518329762892
4101,B,sample_frequency,data_size,11,0.23015294974508377
4101,B,sample_frequency,data_size,14,0.23525127458120904
4101,B,sample_frequency,data_size,16,0.26656955571740715
4101,B,sample_frequency,data_size,17,0.26802621995630005
4101,B,equal_class,shapley,11,0.013685461290822097
4101,B,equal_class,shapley,14,-0.003894102202260237
4101,B,equal_class,shapley,16,0.0083547768797159
4101,B,equal_class,shapley,17,0.00813466106365977
4101,B,equal_class,leave_one_out,11,0.0046999884523968305
4101,B,equal_class,leave_one_out,14,-0.0008518564690523922
4101,B,equal_class,leave_one_out,16,0.0002771902760215772
4101,B,equal_class,leave_one_out,17,0.0008205223382461435
4101,B,equal_class,data_size,11,0.23015294974508377
4101,B,equal_class,data_size,14,0.23525127458120904
4101,B,equal_class,data_size,16,0.26656955571740715
4101,B,equal_class,data_size,17,0.26802621995630005
4101,B,equal_subject,shapley,11,0.009544461498940735
4101,B,equal_subject,shapley,14,-0.004258893011712478
4101,B,equal_subject,shapley,16,0.008395245141232901
4101,B,equal_subject,shapley,17,0.013224386940690641
4101,B,equal_subject,leave_one_out,11,0.002468654831545347
4101,B,equal_subject,leave_one_out,14,-0.0016703939645202892
4101,B,equal_subject,leave_one_out,16,0.00020926995521031166
4101,B,equal_subject,leave_one_out,17,0.0036420591228154553
4101,B,equal_subject,data_size,11,0.23015294974508377
4101,B,equal_subject,data_size,14,0.23525127458120904
4101,B,equal_subject,data_size,16,0.26656955571740715
4101,B,equal_subject,data_size,17,0.26802621995630005
4101,C,sample_frequency,shapley,19,0.005661534613390594
4101,C,sample_frequency,shapley,22,0.008830853317097384
4101,C,sample_frequency,shapley,23,0.010348301767918521
4101,C,sample_frequency,shapley,25,0.006048642129131338
4101,C,sample_frequency,leave_one_out,19,0.00049220432366337
4101,C,sample_frequency,leave_one_out,22,0.0006036799771532708
4101,C,sample_frequency,leave_one_out,23,0.0024718470342073307
4101,C,sample_frequency,leave_one_out,25,-0.0010433294926699421
4101,C,sample_frequency,data_size,19,0.24623803009575923
4101,C,sample_frequency,data_size,22,0.21956224350205197
4101,C,sample_frequency,data_size,23,0.25444596443228457
4101,C,sample_frequency,data_size,25,0.27975376196990426
4101,C,equal_class,shapley,19,0.0037363515685005797
4101,C,equal_class,shapley,22,0.007887079893765978
4101,C,equal_class,shapley,23,0.012116334232887079
4101,C,equal_class,shapley,25,0.006560331199042582
4101,C,equal_class,leave_one_out,19,-0.0006421204917678169
4101,C,equal_class,leave_one_out,22,0.00027824979674684336
4101,C,equal_class,leave_one_out,23,0.003666723593447996
4101,C,equal_class,leave_one_out,25,-0.0006221429949886392
4101,C,equal_class,data_size,19,0.24623803009575923
4101,C,equal_class,data_size,22,0.21956224350205197
4101,C,equal_class,data_size,23,0.25444596443228457
4101,C,equal_class,data_size,25,0.27975376196990426
4101,C,equal_subject,shapley,19,0.005340879757678292
4101,C,equal_subject,shapley,22,0.00895782537386865
4101,C,equal_subject,shapley,23,0.010299939863585777
4101,C,equal_subject,shapley,25,0.0063062706403197825
4101,C,equal_subject,leave_one_out,19,0.000289613912814346
4101,C,equal_subject,leave_one_out,22,0.0006684170366457742
4101,C,equal_subject,leave_one_out,23,0.0024600735179983735
4101,C,equal_subject,leave_one_out,25,-0.0008824423837077155
4101,C,equal_subject,data_size,19,0.24623803009575923
4101,C,equal_subject,data_size,22,0.21956224350205197
4101,C,equal_subject,data_size,23,0.25444596443228457
4101,C,equal_subject,data_size,25,0.27975376196990426
4101,D,sample_frequency,shapley,27,0.008975975571495914
4101,D,sample_frequency,shapley,28,0.003603697522549114
4101,D,sample_frequency,shapley,29,0.01001209114523316
4101,D,sample_frequency,shapley,30,0.006821368193861292
4101,D,sample_frequency,leave_one_out,27,0.0011822741381896096
4101,D,sample_frequency,leave_one_out,28,-0.001061869265754467
4101,D,sample_frequency,leave_one_out,29,0.001754637831184569
4101,D,sample_frequency,leave_one_out,30,-0.0005648686951525983
4101,D,sample_frequency,data_size,27,0.2531986531986532
4101,D,sample_frequency,data_size,28,0.2572390572390572
4101,D,sample_frequency,data_size,29,0.23164983164983166
4101,D,sample_frequency,data_size,30,0.2579124579124579
4101,D,equal_class,shapley,27,0.006820854109018494
4101,D,equal_class,shapley,28,0.005015889649032852
4101,D,equal_class,shapley,29,0.011302390718416036
4101,D,equal_class,shapley,30,0.0069252951347802865
4101,D,equal_class,leave_one_out,27,-8.962183199467955e-05
4101,D,equal_class,leave_one_out,28,-0.000278607492512295
4101,D,equal_class,leave_one_out,29,0.0023893764267014506
4101,D,equal_class,leave_one_out,30,-0.0006216677283558125
4101,D,equal_class,data_size,27,0.2531986531986532
4101,D,equal_class,data_size,28,0.2572390572390572
4101,D,equal_class,data_size,29,0.23164983164983166
4101,D,equal_class,data_size,30,0.2579124579124579
4101,D,equal_subject,shapley,27,0.008869645629871728
4101,D,equal_subject,shapley,28,0.0033186028685068445
4101,D,equal_subject,shapley,29,0.0102590220787707
4101,D,equal_subject,shapley,30,0.006767813897351999
4101,D,equal_subject,leave_one_out,27,0.0011561038005754032
4101,D,equal_subject,leave_one_out,28,-0.001176739968203555
4101,D,equal_subject,leave_one_out,29,0.0019078135350739656
4101,D,equal_subject,leave_one_out,30,-0.0005673809483772718
4101,D,equal_subject,data_size,27,0.2531986531986532
4101,D,equal_subject,data_size,28,0.2572390572390572
4101,D,equal_subject,data_size,29,0.23164983164983166
4101,D,equal_subject,data_size,30,0.2579124579124579
4102,A,sample_frequency,shapley,3,0.006546731382832895
4102,A,sample_frequency,shapley,5,0.008810850569740522
4102,A,sample_frequency,shapley,6,-0.0005531785518847752
4102,A,sample_frequency,shapley,8,0.009676456605492129
4102,A,sample_frequency,leave_one_out,3,-0.0001479113122500042
4102,A,sample_frequency,leave_one_out,5,0.002087801561950875
4102,A,sample_frequency,leave_one_out,6,-0.0026237236781192497
4102,A,sample_frequency,leave_one_out,8,0.002026187144907765
4102,A,sample_frequency,data_size,3,0.27301841473178545
4102,A,sample_frequency,data_size,5,0.24179343474779824
4102,A,sample_frequency,data_size,6,0.2602081665332266
4102,A,sample_frequency,data_size,8,0.22497998398718974
4102,A,equal_class,shapley,3,0.0064930434255158105
4102,A,equal_class,shapley,5,0.005371238585394225
4102,A,equal_class,shapley,6,0.0044985566249703115
4102,A,equal_class,shapley,8,0.009158411738682084
4102,A,equal_class,leave_one_out,3,-0.00041323889361877253
4102,A,equal_class,leave_one_out,5,0.00019224526664030073
4102,A,equal_class,leave_one_out,6,0.00016490005454117274
4102,A,equal_class,leave_one_out,8,0.001633381577176296
4102,A,equal_class,data_size,3,0.27301841473178545
4102,A,equal_class,data_size,5,0.24179343474779824
4102,A,equal_class,data_size,6,0.2602081665332266
4102,A,equal_class,data_size,8,0.22497998398718974
4102,A,equal_subject,shapley,3,0.006711660604427295
4102,A,equal_subject,shapley,5,0.009152037648035941
4102,A,equal_subject,shapley,6,-0.0008363199758151991
4102,A,equal_subject,shapley,8,0.009389238452510034
4102,A,equal_subject,leave_one_out,3,-4.5126370888826095e-05
4102,A,equal_subject,leave_one_out,5,0.0022833314219332657
4102,A,equal_subject,leave_one_out,6,-0.0027650008299459072
4102,A,equal_subject,leave_one_out,8,0.0018889990037875837
4102,A,equal_subject,data_size,3,0.27301841473178545
4102,A,equal_subject,data_size,5,0.24179343474779824
4102,A,equal_subject,data_size,6,0.2602081665332266
4102,A,equal_subject,data_size,8,0.22497998398718974
4102,B,sample_frequency,shapley,11,0.0064442044279186626
4102,B,sample_frequency,shapley,14,0.008421522885161542
4102,B,sample_frequency,shapley,16,0.002646729329007086
4102,B,sample_frequency,shapley,17,0.006703230968859543
4102,B,sample_frequency,leave_one_out,11,0.0007832453490976832
4102,B,sample_frequency,leave_one_out,14,0.0017499023898910337
4102,B,sample_frequency,leave_one_out,16,-0.0019922458199626014
4102,B,sample_frequency,leave_one_out,17,0.00013905762906685215
4102,B,sample_frequency,data_size,11,0.23015294974508377
4102,B,sample_frequency,data_size,14,0.23525127458120904
4102,B,sample_frequency,data_size,16,0.26656955571740715
4102,B,sample_frequency,data_size,17,0.26802621995630005
4102,B,equal_class,shapley,11,0.008769422165074935
4102,B,equal_class,shapley,14,0.005915099338945526
4102,B,equal_class,shapley,16,0.0027591248698732767
4102,B,equal_class,shapley,17,0.0057626182746182055
4102,B,equal_class,leave_one_out,11,0.002118900927249645
4102,B,equal_class,leave_one_out,14,0.0006436769783494389
4102,B,equal_class,leave_one_out,16,-0.0017928404975342538
4102,B,equal_class,leave_one_out,17,-0.0002687906700359344
4102,B,equal_class,data_size,11,0.23015294974508377
4102,B,equal_class,data_size,14,0.23525127458120904
4102,B,equal_class,data_size,16,0.26656955571740715
4102,B,equal_class,data_size,17,0.26802621995630005
4102,B,equal_subject,shapley,11,0.006499001298838745
4102,B,equal_subject,shapley,14,0.00830934229575761
4102,B,equal_subject,shapley,16,0.0029542402346012142
4102,B,equal_subject,shapley,17,0.006685286737766499
4102,B,equal_subject,leave_one_out,11,0.0007814526058413929
4102,B,equal_subject,leave_one_out,14,0.0016636980739166418
4102,B,equal_subject,leave_one_out,16,-0.0018538843141675532
4102,B,equal_subject,leave_one_out,17,9.179928413605154e-05
4102,B,equal_subject,data_size,11,0.23015294974508377
4102,B,equal_subject,data_size,14,0.23525127458120904
4102,B,equal_subject,data_size,16,0.26656955571740715
4102,B,equal_subject,data_size,17,0.26802621995630005
4102,C,sample_frequency,shapley,19,-1.8936344066568554e-05
4102,C,sample_frequency,shapley,22,0.009065276422289834
4102,C,sample_frequency,shapley,23,0.008964587022528956
4102,C,sample_frequency,shapley,25,0.007491466285641486
4102,C,sample_frequency,leave_one_out,19,-0.0005964831674564186
4102,C,sample_frequency,leave_one_out,22,0.0006747416456686084
4102,C,sample_frequency,leave_one_out,23,0.0020710644088161034
4102,C,sample_frequency,leave_one_out,25,0.0003720731630603158
4102,C,sample_frequency,data_size,19,0.24623803009575923
4102,C,sample_frequency,data_size,22,0.21956224350205197
4102,C,sample_frequency,data_size,23,0.25444596443228457
4102,C,sample_frequency,data_size,25,0.27975376196990426
4102,C,equal_class,shapley,19,-0.0001343164829611203
4102,C,equal_class,shapley,22,0.009337415220082839
4102,C,equal_class,shapley,23,0.009660978645204063
4102,C,equal_class,shapley,25,0.00762172864609421
4102,C,equal_class,leave_one_out,19,-0.0010243559194249574
4102,C,equal_class,leave_one_out,22,0.000735486111722583
4102,C,equal_class,leave_one_out,23,0.002388220009274522
4102,C,equal_class,leave_one_out,25,0.0003533557345486438
4102,C,equal_class,data_size,19,0.24623803009575923
4102,C,equal_class,data_size,22,0.21956224350205197
4102,C,equal_class,data_size,23,0.25444596443228457
4102,C,equal_class,data_size,25,0.27975376196990426
4102,C,equal_subject,shapley,19,-0.0005618681235390794
4102,C,equal_subject,shapley,22,0.008927947193876712
4102,C,equal_subject,shapley,23,0.00915207946367183
4102,C,equal_subject,shapley,25,0.007627164180676815
4102,C,equal_subject,leave_one_out,19,-0.0008870616814741217
4102,C,equal_subject,leave_one_out,22,0.0006586485478533577
4102,C,equal_subject,leave_one_out,23,0.002216584576109515
4102,C,equal_subject,leave_one_out,25,0.000511926886530456
4102,C,equal_subject,data_size,19,0.24623803009575923
4102,C,equal_subject,data_size,22,0.21956224350205197
4102,C,equal_subject,data_size,23,0.25444596443228457
4102,C,equal_subject,data_size,25,0.27975376196990426
4102,D,sample_frequency,shapley,27,0.005985673231221401
4102,D,sample_frequency,shapley,28,0.004626702182448095
4102,D,sample_frequency,shapley,29,0.010760400249109958
4102,D,sample_frequency,shapley,30,0.00505722793204505
4102,D,sample_frequency,leave_one_out,27,-0.00036745818619010606
4102,D,sample_frequency,leave_one_out,28,-0.0007786861506690057
4102,D,sample_frequency,leave_one_out,29,0.0023071124787087394
4102,D,sample_frequency,leave_one_out,30,-0.00021800186657106035
4102,D,sample_frequency,data_size,27,0.2531986531986532
4102,D,sample_frequency,data_size,28,0.2572390572390572
4102,D,sample_frequency,data_size,29,0.23164983164983166
4102,D,sample_frequency,data_size,30,0.2579124579124579
4102,D,equal_class,shapley,27,0.006285561783088163
4102,D,equal_class,shapley,28,0.0034089218579960727
4102,D,equal_class,shapley,29,0.010437476853517813
4102,D,equal_class,shapley,30,0.008003594517196715
4102,D,equal_class,leave_one_out,27,-0.0004513936938548291
4102,D,equal_class,leave_one_out,28,-0.0017415579328008413
4102,D,equal_class,leave_one_out,29,0.0019437085032323331
4102,D,equal_class,leave_one_out,30,0.001268751576120719
4102,D,equal_class,data_size,27,0.2531986531986532
4102,D,equal_class,data_size,28,0.2572390572390572
4102,D,equal_class,data_size,29,0.23164983164983166
4102,D,equal_class,data_size,30,0.2579124579124579
4102,D,equal_subject,shapley,27,0.00587494996962291
4102,D,equal_subject,shapley,28,0.004572794110705056
4102,D,equal_subject,shapley,29,0.010941805953182752
4102,D,equal_subject,shapley,30,0.004748604119377396
4102,D,equal_subject,leave_one_out,27,-0.000388462979973192
4102,D,equal_subject,leave_one_out,28,-0.0007701490974491021
4102,D,equal_subject,leave_one_out,29,0.0024400438389160506
4102,D,equal_subject,leave_one_out,30,-0.0003386787183915496
4102,D,equal_subject,data_size,27,0.2531986531986532
4102,D,equal_subject,data_size,28,0.2572390572390572
4102,D,equal_subject,data_size,29,0.23164983164983166
4102,D,equal_subject,data_size,30,0.2579124579124579
4103,A,sample_frequency,shapley,3,0.01015456521618378
4103,A,sample_frequency,shapley,5,0.007434956933958496
4103,A,sample_frequency,shapley,6,0.008851537272473675
4103,A,sample_frequency,shapley,8,0.006785792434386742
4103,A,sample_frequency,leave_one_out,3,0.0021498771054173638
4103,A,sample_frequency,leave_one_out,5,-0.0008474775596173378
4103,A,sample_frequency,leave_one_out,6,0.0003438171876617435
4103,A,sample_frequency,leave_one_out,8,-3.374226618946263e-05
4103,A,sample_frequency,data_size,3,0.27301841473178545
4103,A,sample_frequency,data_size,5,0.24179343474779824
4103,A,sample_frequency,data_size,6,0.2602081665332266
4103,A,sample_frequency,data_size,8,0.22497998398718974
4103,A,equal_class,shapley,3,0.013668802247410277
4103,A,equal_class,shapley,5,0.0067036396909804594
4103,A,equal_class,shapley,6,0.008748648448187032
4103,A,equal_class,shapley,8,0.0023841299483936176
4103,A,equal_class,leave_one_out,3,0.004579123090097115
4103,A,equal_class,leave_one_out,5,-0.001092242750422745
4103,A,equal_class,leave_one_out,6,0.00045270711382261464
4103,A,equal_class,leave_one_out,8,-0.0019981766655825517
4103,A,equal_class,data_size,3,0.27301841473178545
4103,A,equal_class,data_size,5,0.24179343474779824
4103,A,equal_class,data_size,6,0.2602081665332266
4103,A,equal_class,data_size,8,0.22497998398718974
4103,A,equal_subject,shapley,3,0.010073978680080578
4103,A,equal_subject,shapley,5,0.0075445584539271995
4103,A,equal_subject,shapley,6,0.00880863316844141
4103,A,equal_subject,shapley,8,0.006868571822595973
4103,A,equal_subject,leave_one_out,3,0.0020996571780880213
4103,A,equal_subject,leave_one_out,5,-0.0008002966569689018
4103,A,equal_subject,leave_one_out,6,0.00031272413832339474
4103,A,equal_subject,leave_one_out,8,2.358472650176857e-06
4103,A,equal_subject,data_size,3,0.27301841473178545
4103,A,equal_subject,data_size,5,0.24179343474779824
4103,A,equal_subject,data_size,6,0.2602081665332266
4103,A,equal_subject,data_size,8,0.22497998398718974
4103,B,sample_frequency,shapley,11,0.014165886344359967
4103,B,sample_frequency,shapley,14,-0.0030884410972823644
4103,B,sample_frequency,shapley,16,0.0006611155001280589
4103,B,sample_frequency,shapley,17,0.015830256855808002
4103,B,sample_frequency,leave_one_out,11,0.0037199253777888686
4103,B,sample_frequency,leave_one_out,14,-0.0030101172003728083
4103,B,sample_frequency,leave_one_out,16,-0.004118271067335866
4103,B,sample_frequency,leave_one_out,17,0.0066915672552866345
4103,B,sample_frequency,data_size,11,0.23015294974508377
4103,B,sample_frequency,data_size,14,0.23525127458120904
4103,B,sample_frequency,data_size,16,0.26656955571740715
4103,B,sample_frequency,data_size,17,0.26802621995630005
4103,B,equal_class,shapley,11,0.013485639169595897
4103,B,equal_class,shapley,14,0.0017043606068110708
4103,B,equal_class,shapley,16,0.0033622874299474755
4103,B,equal_class,shapley,17,0.010996428775837997
4103,B,equal_class,leave_one_out,11,0.0031329974665523785
4103,B,equal_class,leave_one_out,14,-0.0004930639923359514
4103,B,equal_class,leave_one_out,16,-0.0029126839690343242
4103,B,equal_class,leave_one_out,17,0.003775568306652044
4103,B,equal_class,data_size,11,0.23015294974508377
4103,B,equal_class,data_size,14,0.23525127458120904
4103,B,equal_class,data_size,16,0.26656955571740715
4103,B,equal_class,data_size,17,0.26802621995630005
4103,B,equal_subject,shapley,11,0.014500334537657181
4103,B,equal_subject,shapley,14,-0.0034680783396549932
4103,B,equal_subject,shapley,16,0.0006024007035781611
4103,B,equal_subject,shapley,17,0.015997786089841187
4103,B,equal_subject,leave_one_out,11,0.003876993751915747
4103,B,equal_subject,leave_one_out,14,-0.0031739589643032806
4103,B,equal_subject,leave_one_out,16,-0.004174555707539773
4103,B,equal_subject,leave_one_out,17,0.006803878483268577
4103,B,equal_subject,data_size,11,0.23015294974508377
4103,B,equal_subject,data_size,14,0.23525127458120904
4103,B,equal_subject,data_size,16,0.26656955571740715
4103,B,equal_subject,data_size,17,0.26802621995630005
4103,C,sample_frequency,shapley,19,0.005307561096259877
4103,C,sample_frequency,shapley,22,0.009295523562612882
4103,C,sample_frequency,shapley,23,0.008548560110687914
4103,C,sample_frequency,shapley,25,0.009129622146657346
4103,C,sample_frequency,leave_one_out,19,-0.0005639639452247325
4103,C,sample_frequency,leave_one_out,22,0.002006192125031503
4103,C,sample_frequency,leave_one_out,23,0.0014101589595645336
4103,C,sample_frequency,leave_one_out,25,0.0011456453969688196
4103,C,sample_frequency,data_size,19,0.24623803009575923
4103,C,sample_frequency,data_size,22,0.21956224350205197
4103,C,sample_frequency,data_size,23,0.25444596443228457
4103,C,sample_frequency,data_size,25,0.27975376196990426
4103,C,equal_class,shapley,19,0.006606031737393863
4103,C,equal_class,shapley,22,0.006828771054377162
4103,C,equal_class,shapley,23,0.01216606199592559
4103,C,equal_class,shapley,25,0.007647613257028916
4103,C,equal_class,leave_one_out,19,-0.00027618115828320633
4103,C,equal_class,leave_one_out,22,0.0009957810736370698
4103,C,equal_class,leave_one_out,23,0.0033992417035109135
4103,C,equal_class,leave_one_out,25,0.00015056261376500402
4103,C,equal_class,data_size,19,0.24623803009575923
4103,C,equal_class,data_size,22,0.21956224350205197
4103,C,equal_class,data_size,23,0.25444596443228457
4103,C,equal_class,data_size,25,0.27975376196990426
4103,C,equal_subject,shapley,19,0.0048673462409717285
4103,C,equal_subject,shapley,22,0.009191384781107212
4103,C,equal_subject,shapley,23,0.008529556020926709
4103,C,equal_subject,shapley,25,0.00944739712164643
4103,C,equal_subject,leave_one_out,19,-0.0008138799983175016
4103,C,equal_subject,leave_one_out,22,0.0020022161334006805
4103,C,equal_subject,leave_one_out,23,0.0014411309689345009
4103,C,equal_subject,leave_one_out,25,0.0013760841437600035
4103,C,equal_subject,data_size,19,0.24623803009575923
4103,C,equal_subject,data_size,22,0.21956224350205197
4103,C,equal_subject,data_size,23,0.25444596443228457
4103,C,equal_subject,data_size,25,0.27975376196990426
4103,D,sample_frequency,shapley,27,0.009691492791611247
4103,D,sample_frequency,shapley,28,0.0009220768988493411
4103,D,sample_frequency,shapley,29,0.010321266026105483
4103,D,sample_frequency,shapley,30,0.009716721838268882
4103,D,sample_frequency,leave_one_out,27,0.0003156516843307866
4103,D,sample_frequency,leave_one_out,28,-0.0012205653359295132
4103,D,sample_frequency,leave_one_out,29,0.003384728179957386
4103,D,sample_frequency,leave_one_out,30,0.0006108854540840536
4103,D,sample_frequency,data_size,27,0.2531986531986532
4103,D,sample_frequency,data_size,28,0.2572390572390572
4103,D,sample_frequency,data_size,29,0.23164983164983166
4103,D,sample_frequency,data_size,30,0.2579124579124579
4103,D,equal_class,shapley,27,0.011432770556550545
4103,D,equal_class,shapley,28,0.0054249518452100425
4103,D,equal_class,shapley,29,0.005271745418538142
4103,D,equal_class,shapley,30,0.010475441861041712
4103,D,equal_class,leave_one_out,27,0.0008389537762442112
4103,D,equal_class,leave_one_out,28,0.0012606832426099723
4103,D,equal_class,leave_one_out,29,0.0007972365631512268
4103,D,equal_class,leave_one_out,30,0.0006440165297254552
4103,D,equal_class,data_size,27,0.2531986531986532
4103,D,equal_class,data_size,28,0.2572390572390572
4103,D,equal_class,data_size,29,0.23164983164983166
4103,D,equal_class,data_size,30,0.2579124579124579
4103,D,equal_subject,shapley,27,0.009533904738236825
4103,D,equal_subject,shapley,28,0.00072632389803969
4103,D,equal_subject,shapley,29,0.010543625083080672
4103,D,equal_subject,shapley,30,0.009697522732072953
4103,D,equal_subject,leave_one_out,27,0.00024346544541364867
4103,D,equal_subject,leave_one_out,28,-0.001291580236736145
4103,D,equal_subject,leave_one_out,29,0.0035371483498517486
4103,D,equal_subject,leave_one_out,30,0.0006182285742907245
4103,D,equal_subject,data_size,27,0.2531986531986532
4103,D,equal_subject,data_size,28,0.2572390572390572
4103,D,equal_subject,data_size,29,0.23164983164983166
4103,D,equal_subject,data_size,30,0.2579124579124579
4104,A,sample_frequency,shapley,3,0.0068936540182968084
4104,A,sample_frequency,shapley,5,0.007342538514780441
4104,A,sample_frequency,shapley,6,0.004435061005030337
4104,A,sample_frequency,shapley,8,0.01020397934704001
4104,A,sample_frequency,leave_one_out,3,-0.000794525374769206
4104,A,sample_frequency,leave_one_out,5,0.00024103100977790337
4104,A,sample_frequency,leave_one_out,6,-0.0014236974866173036
4104,A,sample_frequency,leave_one_out,8,0.0037278862266506563
4104,A,sample_frequency,data_size,3,0.27301841473178545
4104,A,sample_frequency,data_size,5,0.24179343474779824
4104,A,sample_frequency,data_size,6,0.2602081665332266
4104,A,sample_frequency,data_size,8,0.22497998398718974
4104,A,equal_class,shapley,3,0.00900349261157001
4104,A,equal_class,shapley,5,0.0078346200819333
4104,A,equal_class,shapley,6,0.008754302397287575
4104,A,equal_class,shapley,8,0.006374822446443746
4104,A,equal_class,leave_one_out,3,-0.0001456267027324376
4104,A,equal_class,leave_one_out,5,8.625744522905432e-05
4104,A,equal_class,leave_one_out,6,0.0005283537358355961
4104,A,equal_class,leave_one_out,8,0.0016298120608537747
4104,A,equal_class,data_size,3,0.27301841473178545
4104,A,equal_class,data_size,5,0.24179343474779824
4104,A,equal_class,data_size,6,0.2602081665332266
4104,A,equal_class,data_size,8,0.22497998398718974
4104,A,equal_subject,shapley,3,0.006865527595670301
4104,A,equal_subject,shapley,5,0.0073341849298293555
4104,A,equal_subject,shapley,6,0.004341558506700565
4104,A,equal_subject,shapley,8,0.010307822177497974
4104,A,equal_subject,leave_one_out,3,-0.0008131239464796991
4104,A,equal_subject,leave_one_out,5,0.00024594596520777223
4104,A,equal_subject,leave_one_out,6,-0.0014682814152633394
4104,A,equal_subject,leave_one_out,8,0.003803097854409465
4104,A,equal_subject,data_size,3,0.27301841473178545
4104,A,equal_subject,data_size,5,0.24179343474779824
4104,A,equal_subject,data_size,6,0.2602081665332266
4104,A,equal_subject,data_size,8,0.22497998398718974
4104,B,sample_frequency,shapley,11,0.008827638363985792
4104,B,sample_frequency,shapley,14,0.003641838078194162
4104,B,sample_frequency,shapley,16,0.005620375147195859
4104,B,sample_frequency,shapley,17,0.007396494413539068
4104,B,sample_frequency,leave_one_out,11,0.002391819968810882
4104,B,sample_frequency,leave_one_out,14,-0.00044831399802935934
4104,B,sample_frequency,leave_one_out,16,-0.0008526861877390379
4104,B,sample_frequency,leave_one_out,17,0.00016139369596313013
4104,B,sample_frequency,data_size,11,0.23015294974508377
4104,B,sample_frequency,data_size,14,0.23525127458120904
4104,B,sample_frequency,data_size,16,0.26656955571740715
4104,B,sample_frequency,data_size,17,0.26802621995630005
4104,B,equal_class,shapley,11,0.012295722846957511
4104,B,equal_class,shapley,14,0.002155518274409185
4104,B,equal_class,shapley,16,0.004882409140838836
4104,B,equal_class,shapley,17,0.005914453673278512
4104,B,equal_class,leave_one_out,11,0.004319458719394431
4104,B,equal_class,leave_one_out,14,-0.0010428367722951082
4104,B,equal_class,leave_one_out,16,-0.001275936213704587
4104,B,equal_class,leave_one_out,17,-0.0006706631368529337
4104,B,equal_class,data_size,11,0.23015294974508377
4104,B,equal_class,data_size,14,0.23525127458120904
4104,B,equal_class,data_size,16,0.26656955571740715
4104,B,equal_class,data_size,17,0.26802621995630005
4104,B,equal_subject,shapley,11,0.008886185565284976
4104,B,equal_subject,shapley,14,0.0036273091529826873
4104,B,equal_subject,shapley,16,0.005800407978107268
4104,B,equal_subject,shapley,17,0.007432878987131816
4104,B,equal_subject,leave_one_out,11,0.002404963546529637
4104,B,equal_subject,leave_one_out,14,-0.0004844487690069954
4104,B,equal_subject,leave_one_out,16,-0.0007950690498169655
4104,B,equal_subject,leave_one_out,17,0.00013722720765607654
4104,B,equal_subject,data_size,11,0.23015294974508377
4104,B,equal_subject,data_size,14,0.23525127458120904
4104,B,equal_subject,data_size,16,0.26656955571740715
4104,B,equal_subject,data_size,17,0.26802621995630005
4104,C,sample_frequency,shapley,19,0.0002666593633720573
4104,C,sample_frequency,shapley,22,0.014082547428166595
4104,C,sample_frequency,shapley,23,0.006521408408666866
4104,C,sample_frequency,shapley,25,0.008593922560179972
4104,C,sample_frequency,leave_one_out,19,-0.0015526214768230018
4104,C,sample_frequency,leave_one_out,22,0.002893057786913178
4104,C,sample_frequency,leave_one_out,23,-0.00019765174380326211
4104,C,sample_frequency,leave_one_out,25,0.001448769719865961
4104,C,sample_frequency,data_size,19,0.24623803009575923
4104,C,sample_frequency,data_size,22,0.21956224350205197
4104,C,sample_frequency,data_size,23,0.25444596443228457
4104,C,sample_frequency,data_size,25,0.27975376196990426
4104,C,equal_class,shapley,19,-0.004230322749919441
4104,C,equal_class,shapley,22,0.013369293663157337
4104,C,equal_class,shapley,23,0.006500080935089681
4104,C,equal_class,shapley,25,0.012788232444228007
4104,C,equal_class,leave_one_out,19,-0.003900447455166711
4104,C,equal_class,leave_one_out,22,0.0026607013750953312
4104,C,equal_class,leave_one_out,23,-5.00891759001032e-05
4104,C,equal_class,leave_one_out,25,0.004132116426603716
4104,C,equal_class,data_size,19,0.24623803009575923
4104,C,equal_class,data_size,22,0.21956224350205197
4104,C,equal_class,data_size,23,0.25444596443228457
4104,C,equal_class,data_size,25,0.27975376196990426
4104,C,equal_subject,shapley,19,-0.0001240104632011701
4104,C,equal_subject,shapley,22,0.01407596217634464
4104,C,equal_subject,shapley,23,0.006757729526815525
4104,C,equal_subject,shapley,25,0.008730272095934336
4104,C,equal_subject,leave_one_out,19,-0.00178991416114338
4104,C,equal_subject,leave_one_out,22,0.002899431123052576
4104,C,equal_subject,leave_one_out,23,-7.048294686962109e-05
4104,C,equal_subject,leave_one_out,25,0.0015493705824355386
4104,C,equal_subject,data_size,19,0.24623803009575923
4104,C,equal_subject,data_size,22,0.21956224350205197
4104,C,equal_subject,data_size,23,0.25444596443228457
4104,C,equal_subject,data_size,25,0.27975376196990426
4104,D,sample_frequency,shapley,27,0.009925355652193027
4104,D,sample_frequency,shapley,28,0.0024180351177793455
4104,D,sample_frequency,shapley,29,0.007333596534757828
4104,D,sample_frequency,shapley,30,0.00922287118571587
4104,D,sample_frequency,leave_one_out,27,0.0017454951606593605
4104,D,sample_frequency,leave_one_out,28,-0.001950503064618414
4104,D,sample_frequency,leave_one_out,29,6.000084615831458e-05
4104,D,sample_frequency,leave_one_out,30,0.0013046009048230944
4104,D,sample_frequency,data_size,27,0.2531986531986532
4104,D,sample_frequency,data_size,28,0.2572390572390572
4104,D,sample_frequency,data_size,29,0.23164983164983166
4104,D,sample_frequency,data_size,30,0.2579124579124579
4104,D,equal_class,shapley,27,0.00958663608118706
4104,D,equal_class,shapley,28,0.0044102260078153575
4104,D,equal_class,shapley,29,0.008359766856958533
4104,D,equal_class,shapley,30,0.011166459152734138
4104,D,equal_class,leave_one_out,27,0.0009404989157187904
4104,D,equal_class,leave_one_out,28,-0.0014431018140792506
4104,D,equal_class,leave_one_out,29,1.7718803536626027e-06
4104,D,equal_class,leave_one_out,30,0.0017486948681784131
4104,D,equal_class,data_size,27,0.2531986531986532
4104,D,equal_class,data_size,28,0.2572390572390572
4104,D,equal_class,data_size,29,0.23164983164983166
4104,D,equal_class,data_size,30,0.2579124579124579
4104,D,equal_subject,shapley,27,0.009814832839325835
4104,D,equal_subject,shapley,28,0.002554875103178838
4104,D,equal_subject,shapley,29,0.007409405717581187
4104,D,equal_subject,shapley,30,0.0090785194055
4104,D,equal_subject,leave_one_out,27,0.0016935985831655342
4104,D,equal_subject,leave_one_out,28,-0.001866133007419224
4104,D,equal_subject,leave_one_out,29,0.00010757129115201991
4104,D,equal_subject,leave_one_out,30,0.001229443931821228
4104,D,equal_subject,data_size,27,0.2531986531986532
4104,D,equal_subject,data_size,28,0.2572390572390572
4104,D,equal_subject,data_size,29,0.23164983164983166
4104,D,equal_subject,data_size,30,0.2579124579124579
4105,A,sample_frequency,shapley,3,0.005328120424900237
4105,A,sample_frequency,shapley,5,0.006478251797175539
4105,A,sample_frequency,shapley,6,0.004007303956797307
4105,A,sample_frequency,shapley,8,0.0027408726554601914
4105,A,sample_frequency,leave_one_out,3,0.00021912450792993532
4105,A,sample_frequency,leave_one_out,5,0.0008874654155315298
4105,A,sample_frequency,leave_one_out,6,-0.000481445488908383
4105,A,sample_frequency,leave_one_out,8,7.082054285278971e-05
4105,A,sample_frequency,data_size,3,0.27301841473178545
4105,A,sample_frequency,data_size,5,0.24179343474779824
4105,A,sample_frequency,data_size,6,0.2602081665332266
4105,A,sample_frequency,data_size,8,0.22497998398718974
4105,A,equal_class,shapley,3,0.005483593999152325
4105,A,equal_class,shapley,5,0.006414439801830466
4105,A,equal_class,shapley,6,0.005083801432071175
4105,A,equal_class,shapley,8,0.004204876846165995
4105,A,equal_class,leave_one_out,3,-8.123727443520856e-05
4105,A,equal_class,leave_one_out,5,0.0004911821051019061
4105,A,equal_class,leave_one_out,6,-0.00025671943329008684
4105,A,equal_class,leave_one_out,8,0.0006140045106701741
4105,A,equal_class,data_size,3,0.27301841473178545
4105,A,equal_class,data_size,5,0.24179343474779824
4105,A,equal_class,data_size,6,0.2602081665332266
4105,A,equal_class,data_size,8,0.22497998398718974
4105,A,equal_subject,shapley,3,0.005297991949607636
4105,A,equal_subject,shapley,5,0.006571409030804481
4105,A,equal_subject,shapley,6,0.004063801912367697
4105,A,equal_subject,shapley,8,0.002610040397478105
4105,A,equal_subject,leave_one_out,3,0.00019891277511407957
4105,A,equal_subject,leave_one_out,5,0.000936360276617032
4105,A,equal_subject,leave_one_out,6,-0.0004498690647272152
4105,A,equal_subject,leave_one_out,8,2.2653107722092614e-05
4105,A,equal_subject,data_size,3,0.27301841473178545
4105,A,equal_subject,data_size,5,0.24179343474779824
4105,A,equal_subject,data_size,6,0.2602081665332266
4105,A,equal_subject,data_size,8,0.22497998398718974
4105,B,sample_frequency,shapley,11,0.007809619260556159
4105,B,sample_frequency,shapley,14,-0.0008161661437430242
4105,B,sample_frequency,shapley,16,0.001140705555546166
4105,B,sample_frequency,shapley,17,0.009066378768699793
4105,B,sample_frequency,leave_one_out,11,0.0020773501094999425
4105,B,sample_frequency,leave_one_out,14,-0.0023285645706032643
4105,B,sample_frequency,leave_one_out,16,-0.0018253610308254231
4105,B,sample_frequency,leave_one_out,17,0.002946931372123762
4105,B,sample_frequency,data_size,11,0.23015294974508377
4105,B,sample_frequency,data_size,14,0.23525127458120904
4105,B,sample_frequency,data_size,16,0.26656955571740715
4105,B,sample_frequency,data_size,17,0.26802621995630005
4105,B,equal_class,shapley,11,0.008342359729989257
4105,B,equal_class,shapley,14,0.001995633748755906
4105,B,equal_class,shapley,16,0.0028796302660620645
4105,B,equal_class,shapley,17,0.007037716139596638
4105,B,equal_class,leave_one_out,11,0.0019957358047548723
4105,B,equal_class,leave_one_out,14,-0.00122422782465903
4105,B,equal_class,leave_one_out,16,-0.0012414450263913412
4105,B,equal_class,leave_one_out,17,0.0013679742360790392
4105,B,equal_class,data_size,11,0.23015294974508377
4105,B,equal_class,data_size,14,0.23525127458120904
4105,B,equal_class,data_size,16,0.26656955571740715
4105,B,equal_class,data_size,17,0.26802621995630005
4105,B,equal_subject,shapley,11,0.008017582579012583
4105,B,equal_subject,shapley,14,-0.0009787796236881416
4105,B,equal_subject,shapley,16,0.0011074879451124506
4105,B,equal_subject,shapley,17,0.009105954466828103
4105,B,equal_subject,leave_one_out,11,0.002177817687407213
4105,B,equal_subject,leave_one_out,14,-0.002412360455299689
4105,B,equal_subject,leave_one_out,16,-0.001851879694165337
4105,B,equal_subject,leave_one_out,17,0.0029652402324606975
4105,B,equal_subject,data_size,11,0.23015294974508377
4105,B,equal_subject,data_size,14,0.23525127458120904
4105,B,equal_subject,data_size,16,0.26656955571740715
4105,B,equal_subject,data_size,17,0.26802621995630005
4105,C,sample_frequency,shapley,19,0.0021556156407033047
4105,C,sample_frequency,shapley,22,0.00801849710810637
4105,C,sample_frequency,shapley,23,0.007071995795692417
4105,C,sample_frequency,shapley,25,0.006275308725630924
4105,C,sample_frequency,leave_one_out,19,-0.000546881005117239
4105,C,sample_frequency,leave_one_out,22,0.0010448065741126555
4105,C,sample_frequency,leave_one_out,23,0.0005812583876616539
4105,C,sample_frequency,leave_one_out,25,0.00020365669203936676
4105,C,sample_frequency,data_size,19,0.24623803009575923
4105,C,sample_frequency,data_size,22,0.21956224350205197
4105,C,sample_frequency,data_size,23,0.25444596443228457
4105,C,sample_frequency,data_size,25,0.27975376196990426
4105,C,equal_class,shapley,19,0.00100509177808078
4105,C,equal_class,shapley,22,0.005518705052958947
4105,C,equal_class,shapley,23,0.007476015780426615
4105,C,equal_class,shapley,25,0.008048370476861782
4105,C,equal_class,leave_one_out,19,-0.0011360083824567546
4105,C,equal_class,leave_one_out,22,1.0748262712079182e-05
4105,C,equal_class,leave_one_out,23,0.0009861423371853029
4105,C,equal_class,leave_one_out,25,0.001477071404724306
4105,C,equal_class,data_size,19,0.24623803009575923
4105,C,equal_class,data_size,22,0.21956224350205197
4105,C,equal_class,data_size,23,0.25444596443228457
4105,C,equal_class,data_size,25,0.27975376196990426
4105,C,equal_subject,shapley,19,0.0017625087623064364
4105,C,equal_subject,shapley,22,0.007945385926025079
4105,C,equal_subject,shapley,23,0.007211236865550807
4105,C,equal_subject,shapley,25,0.006424379047495414
4105,C,equal_subject,leave_one_out,19,-0.000758196776829756
4105,C,equal_subject,leave_one_out,22,0.001030615493086584
4105,C,equal_subject,leave_one_out,23,0.0006816881064586333
4105,C,equal_subject,leave_one_out,25,0.00032341095845001
4105,C,equal_subject,data_size,19,0.24623803009575923
4105,C,equal_subject,data_size,22,0.21956224350205197
4105,C,equal_subject,data_size,23,0.25444596443228457
4105,C,equal_subject,data_size,25,0.27975376196990426
4105,D,sample_frequency,shapley,27,0.004810197218557021
4105,D,sample_frequency,shapley,28,0.005942487728588297
4105,D,sample_frequency,shapley,29,0.005730740896677873
4105,D,sample_frequency,shapley,30,0.006318421779166232
4105,D,sample_frequency,leave_one_out,27,-0.0005007489016277678
4105,D,sample_frequency,leave_one_out,28,0.00032139320227231316
4105,D,sample_frequency,leave_one_out,29,0.00015278420065456544
4105,D,sample_frequency,leave_one_out,30,0.0003764054033414954
4105,D,sample_frequency,data_size,27,0.2531986531986532
4105,D,sample_frequency,data_size,28,0.2572390572390572
4105,D,sample_frequency,data_size,29,0.23164983164983166
4105,D,sample_frequency,data_size,30,0.2579124579124579
4105,D,equal_class,shapley,27,0.00540069298375027
4105,D,equal_class,shapley,28,0.005387188493000868
4105,D,equal_class,shapley,29,0.005426732041718063
4105,D,equal_class,shapley,30,0.007287509454142138
4105,D,equal_class,leave_one_out,27,-0.00027153882382524586
4105,D,equal_class,leave_one_out,28,-0.00010784351326176278
4105,D,equal_class,leave_one_out,29,-7.674161050807982e-05
4105,D,equal_class,leave_one_out,30,0.0008130166058231136
4105,D,equal_class,data_size,27,0.2531986531986532
4105,D,equal_class,data_size,28,0.2572390572390572
4105,D,equal_class,data_size,29,0.23164983164983166
4105,D,equal_class,data_size,30,0.2579124579124579
4105,D,equal_subject,shapley,27,0.004682822756944704
4105,D,equal_subject,shapley,28,0.006034428869333827
4105,D,equal_subject,shapley,29,0.0058138524420467035
4105,D,equal_subject,shapley,30,0.006239990968438876
4105,D,equal_subject,leave_one_out,27,-0.0005688675381254615
4105,D,equal_subject,leave_one_out,28,0.0003794647078672053
4105,D,equal_subject,leave_one_out,29,0.00020266913242750206
4105,D,equal_subject,leave_one_out,30,0.00033764096429966806
4105,D,equal_subject,data_size,27,0.2531986531986532
4105,D,equal_subject,data_size,28,0.2572390572390572
4105,D,equal_subject,data_size,29,0.23164983164983166
4105,D,equal_subject,data_size,30,0.2579124579124579
4106,A,sample_frequency,shapley,3,0.011227550685358042
4106,A,sample_frequency,shapley,5,0.012902345678047452
4106,A,sample_frequency,shapley,6,0.012022114327393175
4106,A,sample_frequency,shapley,8,-0.007985091365422265
4106,A,sample_frequency,leave_one_out,3,0.0016358985420618088
4106,A,sample_frequency,leave_one_out,5,0.0031333156856251376
4106,A,sample_frequency,leave_one_out,6,0.0018243526234250629
4106,A,sample_frequency,leave_one_out,8,-0.0037216060639454485
4106,A,sample_frequency,data_size,3,0.27301841473178545
4106,A,sample_frequency,data_size,5,0.24179343474779824
4106,A,sample_frequency,data_size,6,0.2602081665332266
4106,A,sample_frequency,data_size,8,0.22497998398718974
4106,A,equal_class,shapley,3,0.009795231902933946
4106,A,equal_class,shapley,5,0.010871604539000842
4106,A,equal_class,shapley,6,0.011952598307021445
4106,A,equal_class,shapley,8,-0.0005848239232366658
4106,A,equal_class,leave_one_out,3,0.00023032979791770547
4106,A,equal_class,leave_one_out,5,0.001623480226885743
4106,A,equal_class,leave_one_out,6,0.001239051503189481
4106,A,equal_class,leave_one_out,8,-0.00011204809695275486
4106,A,equal_class,data_size,3,0.27301841473178545
4106,A,equal_class,data_size,5,0.24179343474779824
4106,A,equal_class,data_size,6,0.2602081665332266
4106,A,equal_class,data_size,8,0.22497998398718974
4106,A,equal_subject,shapley,3,0.011373792845580637
4106,A,equal_subject,shapley,5,0.01331486926061918
4106,A,equal_subject,shapley,6,0.012168260209058961
4106,A,equal_subject,shapley,8,-0.008835058504612912
4106,A,equal_subject,leave_one_out,3,0.0017258236491403123
4106,A,equal_subject,leave_one_out,5,0.0033664949178319192
4106,A,equal_subject,leave_one_out,6,0.0019027489623480998
4106,A,equal_subject,leave_one_out,8,-0.00406472245638223
4106,A,equal_subject,data_size,3,0.27301841473178545
4106,A,equal_subject,data_size,5,0.24179343474779824
4106,A,equal_subject,data_size,6,0.2602081665332266
4106,A,equal_subject,data_size,8,0.22497998398718974
4106,B,sample_frequency,shapley,11,0.009323257346231453
4106,B,sample_frequency,shapley,14,0.003636334923781375
4106,B,sample_frequency,shapley,16,0.0034268857976194524
4106,B,sample_frequency,shapley,17,0.009712010472111334
4106,B,sample_frequency,leave_one_out,11,0.0027518984004006874
4106,B,sample_frequency,leave_one_out,14,-0.001565939244420278
4106,B,sample_frequency,leave_one_out,16,-0.0019324014341259854
4106,B,sample_frequency,leave_one_out,17,0.0019129379994183848
4106,B,sample_frequency,data_size,11,0.23015294974508377
4106,B,sample_frequency,data_size,14,0.23525127458120904
4106,B,sample_frequency,data_size,16,0.26656955571740715
4106,B,sample_frequency,data_size,17,0.26802621995630005
4106,B,equal_class,shapley,11,0.012454331446646687
4106,B,equal_class,shapley,14,0.004263665559382531
4106,B,equal_class,shapley,16,0.0021021325884730455
4106,B,equal_class,shapley,17,0.007237480784957711
4106,B,equal_class,leave_one_out,11,0.004491216935942788
4106,B,equal_class,leave_one_out,14,-0.0011905158117250236
4106,B,equal_class,leave_one_out,16,-0.002673204189981071
4106,B,equal_class,leave_one_out,17,0.0005347053196332885
4106,B,equal_class,data_size,11,0.23015294974508377
4106,B,equal_class,data_size,14,0.23525127458120904
4106,B,equal_class,data_size,16,0.26656955571740715
4106,B,equal_class,data_size,17,0.26802621995630005
4106,B,equal_subject,shapley,11,0.009200164288049113
4106,B,equal_subject,shapley,14,0.0035272103360104636
4106,B,equal_subject,shapley,16,0.003746548722264819
4106,B,equal_subject,shapley,17,0.009899056308559105
4106,B,equal_subject,leave_one_out,11,0.002679645384534135
4106,B,equal_subject,leave_one_out,14,-0.0016623140944577175
4106,B,equal_subject,leave_one_out,16,-0.001793328898957114
4106,B,equal_subject,leave_one_out,17,0.0019759521808242475
4106,B,equal_subject,data_size,11,0.23015294974508377
4106,B,equal_subject,data_size,14,0.23525127458120904
4106,B,equal_subject,data_size,16,0.26656955571740715
4106,B,equal_subject,data_size,17,0.26802621995630005
4106,C,sample_frequency,shapley,19,0.0027893247558924603
4106,C,sample_frequency,shapley,22,0.010140214951955181
4106,C,sample_frequency,shapley,23,0.00884228364961322
4106,C,sample_frequency,shapley,25,0.009169426289589833
4106,C,sample_frequency,leave_one_out,19,-0.00046647853789461013
4106,C,sample_frequency,leave_one_out,22,0.0013101759320837125
4106,C,sample_frequency,leave_one_out,23,0.0006956185053661468
4106,C,sample_frequency,leave_one_out,25,0.0009743337052273704
4106,C,sample_frequency,data_size,19,0.24623803009575923
4106,C,sample_frequency,data_size,22,0.21956224350205197
4106,C,sample_frequency,data_size,23,0.25444596443228457
4106,C,sample_frequency,data_size,25,0.27975376196990426
4106,C,equal_class,shapley,19,0.0011095043993847125
4106,C,equal_class,shapley,22,0.01052964130372691
4106,C,equal_class,shapley,23,0.009483255950012684
4106,C,equal_class,shapley,25,0.010837764944283547
4106,C,equal_class,leave_one_out,19,-0.0016042481561308053
4106,C,equal_class,leave_one_out,22,0.0014652130659731366
4106,C,equal_class,leave_one_out,23,0.0009190318601131064
4106,C,equal_class,leave_one_out,25,0.0018403784982697902
4106,C,equal_class,data_size,19,0.24623803009575923
4106,C,equal_class,data_size,22,0.21956224350205197
4106,C,equal_class,data_size,23,0.25444596443228457
4106,C,equal_class,data_size,25,0.27975376196990426
4106,C,equal_subject,shapley,19,0.002660072931171727
4106,C,equal_subject,shapley,22,0.009881293864609527
4106,C,equal_subject,shapley,23,0.009246477038236408
4106,C,equal_subject,shapley,25,0.009192556955753607
4106,C,equal_subject,leave_one_out,19,-0.0005496593255496229
4106,C,equal_subject,leave_one_out,22,0.0011906129499420492
4106,C,equal_subject,leave_one_out,23,0.0009074028890412311
4106,C,equal_subject,leave_one_out,25,0.0009923854716074043
4106,C,equal_subject,data_size,19,0.24623803009575923
4106,C,equal_subject,data_size,22,0.21956224350205197
4106,C,equal_subject,data_size,23,0.25444596443228457
4106,C,equal_subject,data_size,25,0.27975376196990426
4106,D,sample_frequency,shapley,27,0.010703173220732404
4106,D,sample_frequency,shapley,28,0.0003006734578462158
4106,D,sample_frequency,shapley,29,0.009903346126226934
4106,D,sample_frequency,shapley,30,0.0107032417376516
4106,D,sample_frequency,leave_one_out,27,0.0026019450333693017
4106,D,sample_frequency,leave_one_out,28,-0.0016986558921180395
4106,D,sample_frequency,leave_one_out,29,0.0007529170488954628
4106,D,sample_frequency,leave_one_out,30,0.0009119804523785024
4106,D,sample_frequency,data_size,27,0.2531986531986532
4106,D,sample_frequency,data_size,28,0.2572390572390572
4106,D,sample_frequency,data_size,29,0.23164983164983166
4106,D,sample_frequency,data_size,30,0.2579124579124579
4106,D,equal_class,shapley,27,0.00676883868271159
4106,D,equal_class,shapley,28,0.005141648312186312
4106,D,equal_class,shapley,29,0.008747808376353675
4106,D,equal_class,shapley,30,0.011675798435242189
4106,D,equal_class,leave_one_out,27,0.0004080123427844251
4106,D,equal_class,leave_one_out,28,0.001105685234756959
4106,D,equal_class,leave_one_out,29,5.066007554288543e-05
4106,D,equal_class,leave_one_out,30,0.0012683853381921795
4106,D,equal_class,data_size,27,0.2531986531986532
4106,D,equal_class,data_size,28,0.2572390572390572
4106,D,equal_class,data_size,29,0.23164983164983166
4106,D,equal_class,data_size,30,0.2579124579124579
4106,D,equal_subject,shapley,27,0.010882885205374587
4106,D,equal_subject,shapley,28,-3.3256413703987634e-05
4106,D,equal_subject,shapley,29,0.010068018633840093
4106,D,equal_subject,shapley,30,0.010614657983029211
4106,D,equal_subject,leave_one_out,27,0.0027299926567865285
4106,D,equal_subject,leave_one_out,28,-0.0018551898968739433
4106,D,equal_subject,leave_one_out,29,0.000845556265975822
4106,D,equal_subject,leave_one_out,30,0.0008686387700849174
4106,D,equal_subject,data_size,27,0.2531986531986532
4106,D,equal_subject,data_size,28,0.2572390572390572
4106,D,equal_subject,data_size,29,0.23164983164983166
4106,D,equal_subject,data_size,30,0.2579124579124579
4107,A,sample_frequency,shapley,3,0.01155994041902386
4107,A,sample_frequency,shapley,5,-0.003569225316540044
4107,A,sample_frequency,shapley,6,0.011042833063080697
4107,A,sample_frequency,shapley,8,0.009173758827542178
4107,A,sample_frequency,leave_one_out,3,0.0037183525512515248
4107,A,sample_frequency,leave_one_out,5,-0.003304260939051895
4107,A,sample_frequency,leave_one_out,6,0.0014736255595635406
4107,A,sample_frequency,leave_one_out,8,0.0006369807197180721
4107,A,sample_frequency,data_size,3,0.27301841473178545
4107,A,sample_frequency,data_size,5,0.24179343474779824
4107,A,sample_frequency,data_size,6,0.2602081665332266
4107,A,sample_frequency,data_size,8,0.22497998398718974
4107,A,equal_class,shapley,3,0.013772907524131295
4107,A,equal_class,shapley,5,-0.009308220539122409
4107,A,equal_class,shapley,6,0.009375010923608982
4107,A,equal_class,shapley,8,0.010216623418890253
4107,A,equal_class,leave_one_out,3,0.0057741865280144244
4107,A,equal_class,leave_one_out,5,-0.005384363421455318
4107,A,equal_class,leave_one_out,6,0.0009717823563692995
4107,A,equal_class,leave_one_out,8,0.0015920177097810129
4107,A,equal_class,data_size,3,0.27301841473178545
4107,A,equal_class,data_size,5,0.24179343474779824
4107,A,equal_class,data_size,6,0.2602081665332266
4107,A,equal_class,data_size,8,0.22497998398718974
4107,A,equal_subject,shapley,3,0.011474756225289347
4107,A,equal_subject,shapley,5,-0.0033666151183807946
4107,A,equal_subject,shapley,6,0.011190417025056307
4107,A,equal_subject,shapley,8,0.009028089300327436
4107,A,equal_subject,leave_one_out,3,0.003664543314179536
4107,A,equal_subject,leave_one_out,5,-0.0031901634300932624
4107,A,equal_subject,leave_one_out,6,0.0015325871827126525
4107,A,equal_subject,leave_one_out,8,0.0005454626250975814
4107,A,equal_subject,data_size,3,0.27301841473178545
4107,A,equal_subject,data_size,5,0.24179343474779824
4107,A,equal_subject,data_size,6,0.2602081665332266
4107,A,equal_subject,data_size,8,0.22497998398718974
4107,B,sample_frequency,shapley,11,0.013343884439210224
4107,B,sample_frequency,shapley,14,-0.005899862991054225
4107,B,sample_frequency,shapley,16,0.0031594262211236865
4107,B,sample_frequency,shapley,17,0.014222757569462664
4107,B,sample_frequency,leave_one_out,11,0.0036383624022827687
4107,B,sample_frequency,leave_one_out,14,-0.0037353567862801196
4107,B,sample_frequency,leave_one_out,16,-0.0021388379727999007
4107,B,sample_frequency,leave_one_out,17,0.005015073385373547
4107,B,sample_frequency,data_size,11,0.23015294974508377
4107,B,sample_frequency,data_size,14,0.23525127458120904
4107,B,sample_frequency,data_size,16,0.26656955571740715
4107,B,sample_frequency,data_size,17,0.26802621995630005
4107,B,equal_class,shapley,11,0.013051865319796215
4107,B,equal_class,shapley,14,-0.0026748116411378178
4107,B,equal_class,shapley,16,0.005734004606226593
4107,B,equal_class,shapley,17,0.010857733707906575
4107,B,equal_class,leave_one_out,11,0.0032290735519063807
4107,B,equal_class,leave_one_out,14,-0.0019270142392988632
4107,B,equal_class,leave_one_out,16,-0.0010168035321829194
4107,B,equal_class,leave_one_out,17,0.0027959243650388377
4107,B,equal_class,data_size,11,0.23015294974508377
4107,B,equal_class,data_size,14,0.23525127458120904
4107,B,equal_class,data_size,16,0.26656955571740715
4107,B,equal_class,data_size,17,0.26802621995630005
4107,B,equal_subject,shapley,11,0.013730630659127652
4107,B,equal_subject,shapley,14,-0.006381937552370367
4107,B,equal_subject,shapley,16,0.0031079093151372794
4107,B,equal_subject,shapley,17,0.014284219934148901
4107,B,equal_subject,leave_one_out,11,0.0038456994728885974
4107,B,equal_subject,leave_one_out,14,-0.003949409034731621
4107,B,equal_subject,leave_one_out,16,-0.0021595366367932467
4107,B,equal_subject,leave_one_out,17,0.005072047329737206
4107,B,equal_subject,data_size,11,0.23015294974508377
4107,B,equal_subject,data_size,14,0.23525127458120904
4107,B,equal_subject,data_size,16,0.26656955571740715
4107,B,equal_subject,data_size,17,0.26802621995630005
4107,C,sample_frequency,shapley,19,0.005849345883301882
4107,C,sample_frequency,shapley,22,0.009703285829394465
4107,C,sample_frequency,shapley,23,0.009822580022599723
4107,C,sample_frequency,shapley,25,0.005646751686124201
4107,C,sample_frequency,leave_one_out,19,0.00033090017873571576
4107,C,sample_frequency,leave_one_out,22,0.0006250458147170068
4107,C,sample_frequency,leave_one_out,23,0.0013085426642500675
4107,C,sample_frequency,leave_one_out,25,-0.00045254813748274447
4107,C,sample_frequency,data_size,19,0.24623803009575923
4107,C,sample_frequency,data_size,22,0.21956224350205197
4107,C,sample_frequency,data_size,23,0.25444596443228457
4107,C,sample_frequency,data_size,25,0.27975376196990426
4107,C,equal_class,shapley,19,0.003757423099750144
4107,C,equal_class,shapley,22,0.00800162145020286
4107,C,equal_class,shapley,23,0.010123008388133266
4107,C,equal_class,shapley,25,0.007779364422036018
4107,C,equal_class,leave_one_out,19,-0.0007433199961175418
4107,C,equal_class,leave_one_out,22,-6.931255115927293e-05
4107,C,equal_class,leave_one_out,23,0.0016400118123144347
4107,C,equal_class,leave_one_out,25,0.001125634077391191
4107,C,equal_class,data_size,19,0.24623803009575923
4107,C,equal_class,data_size,22,0.21956224350205197
4107,C,equal_class,data_size,23,0.25444596443228457
4107,C,equal_class,data_size,25,0.27975376196990426
4107,C,equal_subject,shapley,19,0.005496834336544937
4107,C,equal_subject,shapley,22,0.009631545067599214
4107,C,equal_subject,shapley,23,0.009952627193689494
4107,C,equal_subject,shapley,25,0.005741500159832092
4107,C,equal_subject,leave_one_out,19,0.0001470291750995667
4107,C,equal_subject,leave_one_out,22,0.0006148848845627386
4107,C,equal_subject,leave_one_out,23,0.0014060512400024816
4107,C,equal_subject,leave_one_out,25,-0.0003528770124481273
4107,C,equal_subject,data_size,19,0.24623803009575923
4107,C,equal_subject,data_size,22,0.21956224350205197
4107,C,equal_subject,data_size,23,0.25444596443228457
4107,C,equal_subject,data_size,25,0.27975376196990426
4107,D,sample_frequency,shapley,27,0.009462948485597441
4107,D,sample_frequency,shapley,28,0.005190928654977111
4107,D,sample_frequency,shapley,29,0.009459731389933113
4107,D,sample_frequency,shapley,30,0.008706070840495055
4107,D,sample_frequency,leave_one_out,27,0.000478208856305562
4107,D,sample_frequency,leave_one_out,28,-0.0014057413275135877
4107,D,sample_frequency,leave_one_out,29,0.0015392458963084943
4107,D,sample_frequency,leave_one_out,30,0.0005664896815753551
4107,D,sample_frequency,data_size,27,0.2531986531986532
4107,D,sample_frequency,data_size,28,0.2572390572390572
4107,D,sample_frequency,data_size,29,0.23164983164983166
4107,D,sample_frequency,data_size,30,0.2579124579124579
4107,D,equal_class,shapley,27,0.009685570000857957
4107,D,equal_class,shapley,28,0.0048638060453867205
4107,D,equal_class,shapley,29,0.007384749358686586
4107,D,equal_class,shapley,30,0.011061183755708711
4107,D,equal_class,leave_one_out,27,0.0005094727496216533
4107,D,equal_class,leave_one_out,28,-0.0016742140855774412
4107,D,equal_class,leave_one_out,29,0.0005700903430805315
4107,D,equal_class,leave_one_out,30,0.0018936837085902214
4107,D,equal_class,data_size,27,0.2531986531986532
4107,D,equal_class,data_size,28,0.2572390572390572
4107,D,equal_class,data_size,29,0.23164983164983166
4107,D,equal_class,data_size,30,0.2579124579124579
4107,D,equal_subject,shapley,27,0.009362165812734191
4107,D,equal_subject,shapley,28,0.005140394618961486
4107,D,equal_subject,shapley,29,0.009761138237205905
4107,D,equal_subject,shapley,30,0.008511682844226728
4107,D,equal_subject,leave_one_out,27,0.0004319355975511696
4107,D,equal_subject,leave_one_out,28,-0.0014245542742418182
4107,D,equal_subject,leave_one_out,29,0.0017119347443042
4107,D,equal_subject,leave_one_out,30,0.0004683715494750995
4107,D,equal_subject,data_size,27,0.2531986531986532
4107,D,equal_subject,data_size,28,0.2572390572390572
4107,D,equal_subject,data_size,29,0.23164983164983166
4107,D,equal_subject,data_size,30,0.2579124579124579
4108,A,sample_frequency,shapley,3,0.006964749386097785
4108,A,sample_frequency,shapley,5,0.00692459357626408
4108,A,sample_frequency,shapley,6,0.008874173305010436
4108,A,sample_frequency,shapley,8,0.005374746065120978
4108,A,sample_frequency,leave_one_out,3,1.4884219486588357e-05
4108,A,sample_frequency,leave_one_out,5,-0.00013897623440051188
4108,A,sample_frequency,leave_one_out,6,0.00128538442989945
4108,A,sample_frequency,leave_one_out,8,0.0006812174320853792
4108,A,sample_frequency,data_size,3,0.27301841473178545
4108,A,sample_frequency,data_size,5,0.24179343474779824
4108,A,sample_frequency,data_size,6,0.2602081665332266
4108,A,sample_frequency,data_size,8,0.22497998398718974
4108,A,equal_class,shapley,3,0.009742784101596123
4108,A,equal_class,shapley,5,0.0044338153254648675
4108,A,equal_class,shapley,6,0.010023508225680709
4108,A,equal_class,shapley,8,-0.00025105942204826443
4108,A,equal_class,leave_one_out,3,0.002213689363349758
4108,A,equal_class,leave_one_out,5,-0.0009715142946582489
4108,A,equal_class,leave_one_out,6,0.002478422293507254
4108,A,equal_class,leave_one_out,8,-0.0014962690924028577
4108,A,equal_class,data_size,3,0.27301841473178545
4108,A,equal_class,data_size,5,0.24179343474779824
4108,A,equal_class,data_size,6,0.2602081665332266
4108,A,equal_class,data_size,8,0.22497998398718974
4108,A,equal_subject,shapley,3,0.006901205970504198
4108,A,equal_subject,shapley,5,0.007112328672634134
4108,A,equal_subject,shapley,6,0.008998249761221655
4108,A,equal_subject,shapley,8,0.005056525451430352
4108,A,equal_subject,leave_one_out,3,-1.0931908095868081e-05
4108,A,equal_subject,leave_one_out,5,-2.946940285875055e-05
4108,A,equal_subject,leave_one_out,6,0.0013668247615984397
4108,A,equal_subject,leave_one_out,8,0.0005422252539737382
4108,A,equal_subject,data_size,3,0.27301841473178545
4108,A,equal_subject,data_size,5,0.24179343474779824
4108,A,equal_subject,data_size,6,0.2602081665332266
4108,A,equal_subject,data_size,8,0.22497998398718974
4108,B,sample_frequency,shapley,11,0.005863884407075581
4108,B,sample_frequency,shapley,14,0.006589332303032289
4108,B,sample_frequency,shapley,16,0.0035451452610072067
4108,B,sample_frequency,shapley,17,0.009437812207307513
4108,B,sample_frequency,leave_one_out,11,0.0013168976595777648
4108,B,sample_frequency,leave_one_out,14,0.000713793238101279
4108,B,sample_frequency,leave_one_out,16,-0.0019098781709860901
4108,B,sample_frequency,leave_one_out,17,0.001800626460761512
4108,B,sample_frequency,data_size,11,0.23015294974508377
4108,B,sample_frequency,data_size,14,0.23525127458120904
4108,B,sample_frequency,data_size,16,0.26656955571740715
4108,B,sample_frequency,data_size,17,0.26802621995630005
4108,B,equal_class,shapley,11,0.008264428409805985
4108,B,equal_class,shapley,14,0.005567956452291365
4108,B,equal_class,shapley,16,0.006420489198626506
4108,B,equal_class,shapley,17,0.006028475202562434
4108,B,equal_class,leave_one_out,11,0.0026093455860296544
4108,B,equal_class,leave_one_out,14,0.00015747977483193676
4108,B,equal_class,leave_one_out,16,-0.00041651000409981265
4108,B,equal_class,leave_one_out,17,-0.00027247850280798236
4108,B,equal_class,data_size,11,0.23015294974508377
4108,B,equal_class,data_size,14,0.23525127458120904
4108,B,equal_class,data_size,16,0.26656955571740715
4108,B,equal_class,data_size,17,0.26802621995630005
4108,B,equal_subject,shapley,11,0.006013862612405432
4108,B,equal_subject,shapley,14,0.006358576447468336
4108,B,equal_subject,shapley,16,0.0036943537144317655
4108,B,equal_subject,shapley,17,0.009464086921574215
4108,B,equal_subject,leave_one_out,11,0.0014005392874254508
4108,B,equal_subject,leave_one_out,14,0.0005853725840807567
4108,B,equal_subject,leave_one_out,16,-0.0018425209154944167
4108,B,equal_subject,leave_one_out,17,0.0018020123518336373
4108,B,equal_subject,data_size,11,0.23015294974508377
4108,B,equal_subject,data_size,14,0.23525127458120904
4108,B,equal_subject,data_size,16,0.26656955571740715
4108,B,equal_subject,data_size,17,0.26802621995630005
4108,C,sample_frequency,shapley,19,0.0006491820624041913
4108,C,sample_frequency,shapley,22,0.009985023687920917
4108,C,sample_frequency,shapley,23,0.008216294711138114
4108,C,sample_frequency,shapley,25,0.009165268607041003
4108,C,sample_frequency,leave_one_out,19,-0.001524962308258826
4108,C,sample_frequency,leave_one_out,22,0.0007766114484702991
4108,C,sample_frequency,leave_one_out,23,0.0012449615361194155
4108,C,sample_frequency,leave_one_out,25,0.00202298199265738
4108,C,sample_frequency,data_size,19,0.24623803009575923
4108,C,sample_frequency,data_size,22,0.21956224350205197
4108,C,sample_frequency,data_size,23,0.25444596443228457
4108,C,sample_frequency,data_size,25,0.27975376196990426
4108,C,equal_class,shapley,19,-0.0012537674873180544
4108,C,equal_class,shapley,22,0.008741658728739258
4108,C,equal_class,shapley,23,0.005659165186636893
4108,C,equal_class,shapley,25,0.011488812787455763
4108,C,equal_class,leave_one_out,19,-0.0023694347400374793
4108,C,equal_class,leave_one_out,22,0.0005825296819282899
4108,C,equal_class,leave_one_out,23,0.00035497446163634816
4108,C,equal_class,leave_one_out,25,0.004020568738045904
4108,C,equal_class,data_size,19,0.24623803009575923
4108,C,equal_class,data_size,22,0.21956224350205197
4108,C,equal_class,data_size,23,0.25444596443228457
4108,C,equal_class,data_size,25,0.27975376196990426
4108,C,equal_subject,shapley,19,-8.860765571451934e-05
4108,C,equal_subject,shapley,22,0.009862869447382756
4108,C,equal_subject,shapley,23,0.008342766731355738
4108,C,equal_subject,shapley,25,0.009425867569596642
4108,C,equal_subject,leave_one_out,19,-0.0018965035776890016
4108,C,equal_subject,leave_one_out,22,0.000775721109322447
4108,C,equal_subject,leave_one_out,23,0.0013868440246036506
4108,C,equal_subject,leave_one_out,25,0.002263910899023558
4108,C,equal_subject,data_size,19,0.24623803009575923
4108,C,equal_subject,data_size,22,0.21956224350205197
4108,C,equal_subject,data_size,23,0.25444596443228457
4108,C,equal_subject,data_size,25,0.27975376196990426
4108,D,sample_frequency,shapley,27,0.00767673321985544
4108,D,sample_frequency,shapley,28,0.00578653097480486
4108,D,sample_frequency,shapley,29,0.006555474718463924
4108,D,sample_frequency,shapley,30,0.008482177905274724
4108,D,sample_frequency,leave_one_out,27,0.00025591859988804977
4108,D,sample_frequency,leave_one_out,28,-0.00041024883713669524
4108,D,sample_frequency,leave_one_out,29,7.850095857819817e-05
4108,D,sample_frequency,leave_one_out,30,0.0007054063062666982
4108,D,sample_frequency,data_size,27,0.2531986531986532
4108,D,sample_frequency,data_size,28,0.2572390572390572
4108,D,sample_frequency,data_size,29,0.23164983164983166
4108,D,sample_frequency,data_size,30,0.2579124579124579
4108,D,equal_class,shapley,27,0.007680859495954881
4108,D,equal_class,shapley,28,0.0028960323317152124
4108,D,equal_class,shapley,29,0.008303878973235637
4108,D,equal_class,shapley,30,0.007430189932159095
4108,D,equal_class,leave_one_out,27,0.0005637428511618969
4108,D,equal_class,leave_one_out,28,-0.0017112940704429036
4108,D,equal_class,leave_one_out,29,0.0013033113778039285
4108,D,equal_class,leave_one_out,30,0.00043539361788147435
4108,D,equal_class,data_size,27,0.2531986531986532
4108,D,equal_class,data_size,28,0.2572390572390572
4108,D,equal_class,data_size,29,0.23164983164983166
4108,D,equal_class,data_size,30,0.2579124579124579
4108,D,equal_subject,shapley,27,0.0075268479687035286
4108,D,equal_subject,shapley,28,0.005761867951868856
4108,D,equal_subject,shapley,29,0.006754661972956636
4108,D,equal_subject,shapley,30,0.00833506921322428
4108,D,equal_subject,leave_one_out,27,0.00019058139650318662
4108,D,equal_subject,leave_one_out,28,-0.000404978621612595
4108,D,equal_subject,leave_one_out,29,0.00019947719059043578
4108,D,equal_subject,leave_one_out,30,0.0006411980795164585
4108,D,equal_subject,data_size,27,0.2531986531986532
4108,D,equal_subject,data_size,28,0.2572390572390572
4108,D,equal_subject,data_size,29,0.23164983164983166
4108,D,equal_subject,data_size,30,0.2579124579124579
4109,A,sample_frequency,shapley,3,0.006795167595814175
4109,A,sample_frequency,shapley,5,0.0025957519482927294
4109,A,sample_frequency,shapley,6,0.0076577125817662945
4109,A,sample_frequency,shapley,8,0.01158632709146974
4109,A,sample_frequency,leave_one_out,3,-0.0008182629516192419
4109,A,sample_frequency,leave_one_out,5,-0.0011338796274856788
4109,A,sample_frequency,leave_one_out,6,0.00017614750505989818
4109,A,sample_frequency,leave_one_out,8,0.004177663715613011
4109,A,sample_frequency,data_size,3,0.27301841473178545
4109,A,sample_frequency,data_size,5,0.24179343474779824
4109,A,sample_frequency,data_size,6,0.2602081665332266
4109,A,sample_frequency,data_size,8,0.22497998398718974
4109,A,equal_class,shapley,3,0.009130652294314655
4109,A,equal_class,shapley,5,-0.0013955373557169304
4109,A,equal_class,shapley,6,0.011201518207481265
4109,A,equal_class,shapley,8,0.008246271537660638
4109,A,equal_class,leave_one_out,3,0.0006154780523369707
4109,A,equal_class,leave_one_out,5,-0.002885819395980427
4109,A,equal_class,leave_one_out,6,0.0022955952117289513
4109,A,equal_class,leave_one_out,8,0.0028494707006361253
4109,A,equal_class,data_size,3,0.27301841473178545
4109,A,equal_class,data_size,5,0.24179343474779824
4109,A,equal_class,data_size,6,0.2602081665332266
4109,A,equal_class,data_size,8,0.22497998398718974
4109,A,equal_subject,shapley,3,0.006744252739728839
4109,A,equal_subject,shapley,5,0.002548176392319912
4109,A,equal_subject,shapley,6,0.007695814481206357
4109,A,equal_subject,shapley,8,0.011686719070595061
4109,A,equal_subject,leave_one_out,3,-0.0008590743743001061
4109,A,equal_subject,leave_one_out,5,-0.001156589669395247
4109,A,equal_subject,leave_one_out,6,0.0001915627145270271
4109,A,equal_subject,leave_one_out,8,0.004243354750570694
4109,A,equal_subject,data_size,3,0.27301841473178545
4109,A,equal_subject,data_size,5,0.24179343474779824
4109,A,equal_subject,data_size,6,0.2602081665332266
4109,A,equal_subject,data_size,8,0.22497998398718974
4109,B,sample_frequency,shapley,11,0.011888140159886882
4109,B,sample_frequency,shapley,14,-0.0033615771050228564
4109,B,sample_frequency,shapley,16,0.0017350024946529061
4109,B,sample_frequency,shapley,17,0.012783545837746685
4109,B,sample_frequency,leave_one_out,11,0.004871833595571307
4109,B,sample_frequency,leave_one_out,14,-0.0022457165381141175
4109,B,sample_frequency,leave_one_out,16,-0.0032115489424362487
4109,B,sample_frequency,leave_one_out,17,0.0035234989885031265
4109,B,sample_frequency,data_size,11,0.23015294974508377
4109,B,sample_frequency,data_size,14,0.23525127458120904
4109,B,sample_frequency,data_size,16,0.26656955571740715
4109,B,sample_frequency,data_size,17,0.26802621995630005
4109,B,equal_class,shapley,11,0.010758605885383115
4109,B,equal_class,shapley,14,-0.0008452602961915485
4109,B,equal_class,shapley,16,0.004193811879744916
4109,B,equal_class,shapley,17,0.010042547771723807
4109,B,equal_class,leave_one_out,11,0.004406505365900704
4109,B,equal_class,leave_one_out,14,-0.0007470576826015263
4109,B,equal_class,leave_one_out,16,-0.0020834080350004003
4109,B,equal_class,leave_one_out,17,0.0017361911094241345
4109,B,equal_class,data_size,11,0.23015294974508377
4109,B,equal_class,data_size,14,0.23525127458120904
4109,B,equal_class,data_size,16,0.26656955571740715
4109,B,equal_class,data_size,17,0.26802621995630005
4109,B,equal_subject,shapley,11,0.011989684725221317
4109,B,equal_subject,shapley,14,-0.003408925525775199
4109,B,equal_subject,shapley,16,0.0018963827927874124
4109,B,equal_subject,shapley,17,0.012898465854306382
4109,B,equal_subject,leave_one_out,11,0.004896957444092576
4109,B,equal_subject,leave_one_out,14,-0.002286787428241066
4109,B,equal_subject,leave_one_out,16,-0.0031756633991285588
4109,B,equal_subject,leave_one_out,17,0.0035361345766049546
4109,B,equal_subject,data_size,11,0.23015294974508377
4109,B,equal_subject,data_size,14,0.23525127458120904
4109,B,equal_subject,data_size,16,0.26656955571740715
4109,B,equal_subject,data_size,17,0.26802621995630005
4109,C,sample_frequency,shapley,19,0.005028599478992664
4109,C,sample_frequency,shapley,22,0.01058241619088087
4109,C,sample_frequency,shapley,23,0.008122621574066662
4109,C,sample_frequency,shapley,25,0.00624812041674037
4109,C,sample_frequency,leave_one_out,19,0.0008879214710288963
4109,C,sample_frequency,leave_one_out,22,0.0012774536738273667
4109,C,sample_frequency,leave_one_out,23,0.0008716111831370554
4109,C,sample_frequency,leave_one_out,25,-0.0007171303295007148
4109,C,sample_frequency,data_size,19,0.24623803009575923
4109,C,sample_frequency,data_size,22,0.21956224350205197
4109,C,sample_frequency,data_size,23,0.25444596443228457
4109,C,sample_frequency,data_size,25,0.27975376196990426
4109,C,equal_class,shapley,19,0.003948423797355789
4109,C,equal_class,shapley,22,0.007716277087792804
4109,C,equal_class,shapley,23,0.010665483030495582
4109,C,equal_class,shapley,25,0.006404896822498063
4109,C,equal_class,leave_one_out,19,0.00022241621765939357
4109,C,equal_class,leave_one_out,22,6.31736478922118e-05
4109,C,equal_class,leave_one_out,23,0.0025095077445878022
4109,C,equal_class,leave_one_out,25,-0.00038842189364185487
4109,C,equal_class,data_size,19,0.24623803009575923
4109,C,equal_class,data_size,22,0.21956224350205197
4109,C,equal_class,data_size,23,0.25444596443228457
4109,C,equal_class,data_size,25,0.27975376196990426
4109,C,equal_subject,shapley,19,0.004721039444565302
4109,C,equal_subject,shapley,22,0.010467299278829601
4109,C,equal_subject,shapley,23,0.008397158212233847
4109,C,equal_subject,shapley,25,0.0062018779040618754
4109,C,equal_subject,leave_one_out,19,0.0007004006316583267
4109,C,equal_subject,leave_one_out,22,0.0012525068719104748
4109,C,equal_subject,leave_one_out,23,0.0010574534890778198
4109,C,equal_subject,leave_one_out,25,-0.0006965827502054545
4109,C,equal_subject,data_size,19,0.24623803009575923
4109,C,equal_subject,data_size,22,0.21956224350205197
4109,C,equal_subject,data_size,23,0.25444596443228457
4109,C,equal_subject,data_size,25,0.27975376196990426
4109,D,sample_frequency,shapley,27,0.005989662069823663
4109,D,sample_frequency,shapley,28,0.0020284111532603843
4109,D,sample_frequency,shapley,29,0.008487771753705159
4109,D,sample_frequency,shapley,30,0.013254079510767949
4109,D,sample_frequency,leave_one_out,27,-0.0007746355327460375
4109,D,sample_frequency,leave_one_out,28,-0.002487644035846448
4109,D,sample_frequency,leave_one_out,29,0.0005652667115222387
4109,D,sample_frequency,leave_one_out,30,0.004520330104136772
4109,D,sample_frequency,data_size,27,0.2531986531986532
4109,D,sample_frequency,data_size,28,0.2572390572390572
4109,D,sample_frequency,data_size,29,0.23164983164983166
4109,D,sample_frequency,data_size,30,0.2579124579124579
4109,D,equal_class,shapley,27,0.009175643217803323
4109,D,equal_class,shapley,28,0.003245389691294509
4109,D,equal_class,shapley,29,0.009435176680836783
4109,D,equal_class,shapley,30,0.008464611252372412
4109,D,equal_class,leave_one_out,27,0.0008805942470244688
4109,D,equal_class,leave_one_out,28,-0.0018243647994566903
4109,D,equal_class,leave_one_out,29,0.0009911604261834128
4109,D,equal_class,leave_one_out,30,0.0019404937410198997
4109,D,equal_class,data_size,27,0.2531986531986532
4109,D,equal_class,data_size,28,0.2572390572390572
4109,D,equal_class,data_size,29,0.23164983164983166
4109,D,equal_class,data_size,30,0.2579124579124579
4109,D,equal_subject,shapley,27,0.0058522089315873795
4109,D,equal_subject,shapley,28,0.002021273147259722
4109,D,equal_subject,shapley,29,0.008554533390375254
4109,D,equal_subject,shapley,30,0.013317261009979754
4109,D,equal_subject,leave_one_out,27,-0.0008514653272585493
4109,D,equal_subject,leave_one_out,28,-0.00248988855668264
4109,D,equal_subject,leave_one_out,29,0.0006033377779625093
4109,D,equal_subject,leave_one_out,30,0.004576613492697668
4109,D,equal_subject,data_size,27,0.2531986531986532
4109,D,equal_subject,data_size,28,0.2572390572390572
4109,D,equal_subject,data_size,29,0.23164983164983166
4109,D,equal_subject,data_size,30,0.2579124579124579
4110,A,sample_frequency,shapley,3,0.007679550597914309
4110,A,sample_frequency,shapley,5,0.004617017932585787
4110,A,sample_frequency,shapley,6,0.013005415972675996
4110,A,sample_frequency,shapley,8,0.004087630570588714
4110,A,sample_frequency,leave_one_out,3,-0.0005497760555318587
4110,A,sample_frequency,leave_one_out,5,-0.0005726703839392666
4110,A,sample_frequency,leave_one_out,6,0.0018732260915077514
4110,A,sample_frequency,leave_one_out,8,0.0027581534764937743
4110,A,sample_frequency,data_size,3,0.27301841473178545
4110,A,sample_frequency,data_size,5,0.24179343474779824
4110,A,sample_frequency,data_size,6,0.2602081665332266
4110,A,sample_frequency,data_size,8,0.22497998398718974
4110,A,equal_class,shapley,3,0.0059672438466499
4110,A,equal_class,shapley,5,0.002247791931591239
4110,A,equal_class,shapley,6,0.014111325675783036
4110,A,equal_class,shapley,8,0.006398218505653854
4110,A,equal_class,leave_one_out,3,-0.00150476937248889
4110,A,equal_class,leave_one_out,5,-0.0015672402032159694
4110,A,equal_class,leave_one_out,6,0.002426677394362753
4110,A,equal_class,leave_one_out,8,0.004625514246683338
4110,A,equal_class,data_size,3,0.27301841473178545
4110,A,equal_class,data_size,5,0.24179343474779824
4110,A,equal_class,data_size,6,0.2602081665332266
4110,A,equal_class,data_size,8,0.22497998398718974
4110,A,equal_subject,shapley,3,0.007387417804959856
4110,A,equal_subject,shapley,5,0.004312300667221593
4110,A,equal_subject,shapley,6,0.0131628966802865
4110,A,equal_subject,shapley,8,0.004288645135474176
4110,A,equal_subject,leave_one_out,3,-0.0006902845236550492
4110,A,equal_subject,leave_one_out,5,-0.0006929216961532036
4110,A,equal_subject,leave_one_out,6,0.0019800846358072333
4110,A,equal_subject,leave_one_out,8,0.0029473449021852893
4110,A,equal_subject,data_size,3,0.27301841473178545
4110,A,equal_subject,data_size,5,0.24179343474779824
4110,A,equal_subject,data_size,6,0.2602081665332266
4110,A,equal_subject,data_size,8,0.22497998398718974
4110,B,sample_frequency,shapley,11,0.020194310555195143
4110,B,sample_frequency,shapley,14,-0.01397648497136948
4110,B,sample_frequency,shapley,16,-0.0037407257513814205
4110,B,sample_frequency,shapley,17,0.017676619124206393
4110,B,sample_frequency,leave_one_out,11,0.00926666265859788
4110,B,sample_frequency,leave_one_out,14,-0.006984071250275892
4110,B,sample_frequency,leave_one_out,16,-0.004774170236111042
4110,B,sample_frequency,leave_one_out,17,0.00771930729562742
4110,B,sample_frequency,data_size,11,0.23015294974508377
4110,B,sample_frequency,data_size,14,0.23525127458120904
4110,B,sample_frequency,data_size,16,0.26656955571740715
4110,B,sample_frequency,data_size,17,0.26802621995630005
4110,B,equal_class,shapley,11,0.021170952689260274
4110,B,equal_class,shapley,14,-0.014286732076772585
4110,B,equal_class,shapley,16,0.0009328878189254115
4110,B,equal_class,shapley,17,0.014441848369520605
4110,B,equal_class,leave_one_out,11,0.00962721501767283
4110,B,equal_class,leave_one_out,14,-0.007113155184962361
4110,B,equal_class,leave_one_out,16,-0.0024504980423367684
4110,B,equal_class,leave_one_out,17,0.005622635926791242
4110,B,equal_class,data_size,11,0.23015294974508377
4110,B,equal_class,data_size,14,0.23525127458120904
4110,B,equal_class,data_size,16,0.26656955571740715
4110,B,equal_class,data_size,17,0.26802621995630005
4110,B,equal_subject,shapley,11,0.020304379448371882
4110,B,equal_subject,shapley,14,-0.01397321428299651
4110,B,equal_subject,shapley,16,-0.003717348445631966
4110,B,equal_subject,shapley,17,0.017654787615327978
4110,B,equal_subject,leave_one_out,11,0.009349465513425415
4110,B,equal_subject,leave_one_out,14,-0.0069684620207177694
4110,B,equal_subject,leave_one_out,16,-0.004764041897128091
4110,B,equal_subject,leave_one_out,17,0.007694184858536901
4110,B,equal_subject,data_size,11,0.23015294974508377
4110,B,equal_subject,data_size,14,0.23525127458120904
4110,B,equal_subject,data_size,16,0.26656955571740715
4110,B,equal_subject,data_size,17,0.26802621995630005
4110,C,sample_frequency,shapley,19,0.007371345463153388
4110,C,sample_frequency,shapley,22,0.012132123977379864
4110,C,sample_frequency,shapley,23,-0.0035451867925814506
4110,C,sample_frequency,shapley,25,0.010345722480970812
4110,C,sample_frequency,leave_one_out,19,0.0010408411076506807
4110,C,sample_frequency,leave_one_out,22,0.002813226744493358
4110,C,sample_frequency,leave_one_out,23,-0.0033443195556124294
4110,C,sample_frequency,leave_one_out,25,0.003477674592150759
4110,C,sample_frequency,data_size,19,0.24623803009575923
4110,C,sample_frequency,data_size,22,0.21956224350205197
4110,C,sample_frequency,data_size,23,0.25444596443228457
4110,C,sample_frequency,data_size,25,0.27975376196990426
4110,C,equal_class,shapley,19,0.010334964896585872
4110,C,equal_class,shapley,22,0.009372601016505675
4110,C,equal_class,shapley,23,0.00041947827953683914
4110,C,equal_class,shapley,25,0.006864855185128646
4110,C,equal_class,leave_one_out,19,0.0024368168299125914
4110,C,equal_class,leave_one_out,22,0.00144696536861455
4110,C,equal_class,leave_one_out,23,-0.0010396819029038218
4110,C,equal_class,leave_one_out,25,0.001410620530647777
4110,C,equal_class,data_size,19,0.24623803009575923
4110,C,equal_class,data_size,22,0.21956224350205197
4110,C,equal_class,data_size,23,0.25444596443228457
4110,C,equal_class,data_size,25,0.27975376196990426
4110,C,equal_subject,shapley,19,0.007107547634062267
4110,C,equal_subject,shapley,22,0.011973066689902659
4110,C,equal_subject,shapley,23,-0.0033978701873836428
4110,C,equal_subject,shapley,25,0.010495543215131511
4110,C,equal_subject,leave_one_out,19,0.0008918612999888609
4110,C,equal_subject,leave_one_out,22,0.002752720765835881
4110,C,equal_subject,leave_one_out,23,-0.0032115853013648943
4110,C,equal_subject,leave_one_out,25,0.0036067031047244402
4110,C,equal_subject,data_size,19,0.24623803009575923
4110,C,equal_subject,data_size,22,0.21956224350205197
4110,C,equal_subject,data_size,23,0.25444596443228457
4110,C,equal_subject,data_size,25,0.27975376196990426
4110,D,sample_frequency,shapley,27,0.0066059840187891634
4110,D,sample_frequency,shapley,28,0.0054744299989693355
4110,D,sample_frequency,shapley,29,0.007890756526560665
4110,D,sample_frequency,shapley,30,0.009254500568330121
4110,D,sample_frequency,leave_one_out,27,-0.000262165574226203
4110,D,sample_frequency,leave_one_out,28,-0.0006309856965859284
4110,D,sample_frequency,leave_one_out,29,0.0003918838589290763
4110,D,sample_frequency,leave_one_out,30,0.0015913954318627077
4110,D,sample_frequency,data_size,27,0.2531986531986532
4110,D,sample_frequency,data_size,28,0.2572390572390572
4110,D,sample_frequency,data_size,29,0.23164983164983166
4110,D,sample_frequency,data_size,30,0.2579124579124579
4110,D,equal_class,shapley,27,0.008281648302144248
4110,D,equal_class,shapley,28,0.006491021070434088
4110,D,equal_class,shapley,29,0.0066271398174456335
4110,D,equal_class,shapley,30,0.00665762652023157
4110,D,equal_class,leave_one_out,27,0.0008222915787734486
4110,D,equal_class,leave_one_out,28,0.00010020347959283082
4110,D,equal_class,leave_one_out,29,-0.00010652549834144764
4110,D,equal_class,leave_one_out,30,0.0003611736097003382
4110,D,equal_class,data_size,27,0.2531986531986532
4110,D,equal_class,data_size,28,0.2572390572390572
4110,D,equal_class,data_size,29,0.23164983164983166
4110,D,equal_class,data_size,30,0.2579124579124579
4110,D,equal_subject,shapley,27,0.006631577631110969
4110,D,equal_subject,shapley,28,0.005332362024698066
4110,D,equal_subject,shapley,29,0.008072094509560711
4110,D,equal_subject,shapley,30,0.009076252218542646
4110,D,equal_subject,leave_one_out,27,-0.00023205078085442032
4110,D,equal_subject,leave_one_out,28,-0.0006842351599224417
4110,D,equal_subject,leave_one_out,29,0.0004987225449321064
4110,D,equal_subject,leave_one_out,30,0.0015207298317387874
4110,D,equal_subject,data_size,27,0.2531986531986532
4110,D,equal_subject,data_size,28,0.2572390572390572
4110,D,equal_subject,data_size,29,0.23164983164983166
4110,D,equal_subject,data_size,30,0.2579124579124579
