seed,cohort,method,reference,evaluator,tv,reversals,tie_transitions,tau_b,tau_status,top_jaccard
4101,A,shapley,sample_frequency,equal_class,0.12199620029817838,0,0,1.0,defined,1.0
4101,A,shapley,sample_frequency,equal_subject,0.01122206051000603,0,0,1.0,defined,1.0
4101,A,leave_one_out,sample_frequency,equal_class,0.09887746471314449,0,0,1.0,defined,1.0
4101,A,leave_one_out,sample_frequency,equal_subject,0.012535918784020952,0,0,1.0,defined,1.0
4101,A,data_size,sample_frequency,equal_class,0.0,0,0,1.0,defined,1.0
4101,A,data_size,sample_frequency,equal_subject,0.0,0,0,1.0,defined,1.0
4101,B,shapley,sample_frequency,equal_class,0.163328599871684,2,0,0.3333333333333333,defined,0.0
4101,B,shapley,sample_frequency,equal_subject,0.008565388489713027,0,0,1.0,defined,1.0
4101,B,leave_one_out,sample_frequency,equal_class,0.4666003553576785,1,0,0.6666666666666666,defined,0.0
4101,B,leave_one_out,sample_frequency,equal_subject,0.033112418987869416,0,0,1.0,defined,1.0
4101,B,data_size,sample_frequency,equal_class,0.0,0,0,1.0,defined,1.0
4101,B,data_size,sample_frequency,equal_subject,0.0,0,0,1.0,defined,1.0
4101,C,shapley,sample_frequency,equal_class,0.08556092603729851,0,0,1.0,defined,1.0
4101,C,shapley,sample_frequency,equal_subject,0.012201741610073716,0,0,1.0,defined,1.0
4101,C,leave_one_out,sample_frequency,equal_class,0.23663284646597416,1,0,0.6666666666666666,defined,1.0
4101,C,leave_one_out,sample_frequency,equal_subject,0.05323063861091042,0,0,1.0,defined,1.0
4101,C,data_size,sample_frequency,equal_class,0.0,0,0,1.0,defined,1.0
4101,C,data_size,sample_frequency,equal_subject,0.0,0,0,1.0,defined,1.0
4101,D,shapley,sample_frequency,equal_class,0.07986169403553298,1,0,0.6666666666666666,defined,1.0
4101,D,shapley,sample_frequency,equal_subject,0.010759699226342012,0,0,1.0,defined,1.0
4101,D,leave_one_out,sample_frequency,equal_class,0.40255688645701504,1,0,0.6666666666666666,defined,1.0
4101,D,leave_one_out,sample_frequency,equal_subject,0.02522823364909657,0,0,1.0,defined,1.0
4101,D,data_size,sample_frequency,equal_class,0.0,0,0,1.0,defined,1.0
4101,D,data_size,sample_frequency,equal_subject,0.0,0,0,1.0,defined,1.0
4102,A,shapley,sample_frequency,equal_class,0.17626709345926553,1,0,0.6666666666666666,defined,1.0
4102,A,shapley,sample_frequency,equal_subject,0.014724199900695761,0,0,1.0,defined,1.0
4102,A,leave_one_out,sample_frequency,equal_class,0.41090831394107796,2,0,0.3333333333333333,defined,0.0
4102,A,leave_one_out,sample_frequency,equal_subject,0.039767251697337996,0,0,1.0,defined,1.0
4102,A,data_size,sample_frequency,equal_class,0.0,0,0,1.0,defined,1.0
4102,A,data_size,sample_frequency,equal_subject,0.0,0,0,1.0,defined,1.0
4102,B,shapley,sample_frequency,equal_class,0.12137092721166953,2,0,0.3333333333333333,defined,0.0
4102,B,shapley,sample_frequency,equal_subject,0.01154021747326412,0,0,1.0,defined,1.0
4102,B,leave_one_out,sample_frequency,equal_class,0.4738931134626166,1,0,0.6666666666666666,defined,0.0
4102,B,leave_one_out,sample_frequency,equal_subject,0.015853624868278734,0,0,1.0,defined,1.0
4102,B,data_size,sample_frequency,equal_class,0.0,0,0,1.0,defined,1.0
4102,B,data_size,sample_frequency,equal_subject,0.0,0,0,1.0,defined,1.0
4102,C,shapley,sample_frequency,equal_class,0.011661523658880707,1,0,0.6666666666666666,defined,0.0
4102,C,shapley,sample_frequency,equal_subject,0.00791015339528603,1,0,0.6666666666666666,defined,0.0
4102,C,leave_one_out,sample_frequency,equal_class,0.022595807280899285,0,0,1.0,defined,1.0
4102,C,leave_one_out,sample_frequency,equal_subject,0.03180216149093001,0,0,1.0,defined,1.0
4102,C,data_size,sample_frequency,equal_class,0.0,0,0,1.0,defined,1.0
4102,C,data_size,sample_frequency,equal_subject,0.0,0,0,1.0,defined,1.0
4102,D,shapley,sample_frequency,equal_class,0.09312129119714566,1,0,0.6666666666666666,defined,1.0
4102,D,shapley,sample_frequency,equal_subject,0.011486115100471303,0,0,1.0,defined,1.0
4102,D,leave_one_out,sample_frequency,equal_class,0.39494703273518317,0,0,1.0,defined,1.0
4102,D,leave_one_out,sample_frequency,equal_subject,0.0,0,0,1.0,defined,1.0
4102,D,data_size,sample_frequency,equal_class,0.0,0,0,1.0,defined,1.0
4102,D,data_size,sample_frequency,equal_subject,0.0,0,0,1.0,defined,1.0
4103,A,shapley,sample_frequency,equal_class,0.13953685055668785,0,0,1.0,defined,1.0
4103,A,shapley,sample_frequency,equal_subject,0.00489241490596877,0,0,1.0,defined,1.0
4103,A,leave_one_out,sample_frequency,equal_class,0.047905955389930574,1,0,0.6666666666666666,defined,1.0
4103,A,leave_one_out,sample_frequency,equal_subject,0.008368283032174642,0,0,1.0,defined,1.0
4103,A,data_size,sample_frequency,equal_class,0.0,0,0,1.0,defined,1.0
4103,A,data_size,sample_frequency,equal_subject,0.0,0,0,1.0,defined,1.0
4103,B,shapley,sample_frequency,equal_class,0.14990289132976323,1,0,0.6666666666666666,defined,0.0
4103,B,shapley,sample_frequency,equal_subject,0.004168051488908397,0,0,1.0,defined,1.0
4103,B,leave_one_out,sample_frequency,equal_class,0.09620432323299039,0,0,1.0,defined,1.0
4103,B,leave_one_out,sample_frequency,equal_subject,0.005694446352751598,0,0,1.0,defined,1.0
4103,B,data_size,sample_frequency,equal_class,0.0,0,0,1.0,defined,1.0
4103,B,data_size,sample_frequency,equal_subject,0.0,0,0,1.0,defined,1.0
4103,C,shapley,sample_frequency,equal_class,0.1353690685819502,3,0,0.0,defined,0.0
4103,C,shapley,sample_frequency,equal_subject,0.013524272021366551,1,0,0.6666666666666666,defined,0.0
4103,C,leave_one_out,sample_frequency,equal_class,0.43870159847429036,1,0,0.6666666666666666,defined,0.0
4103,C,leave_one_out,sample_frequency,equal_subject,0.03440025209109193,0,0,1.0,defined,1.0
4103,C,data_size,sample_frequency,equal_class,0.0,0,0,1.0,defined,1.0
4103,C,data_size,sample_frequency,equal_subject,0.0,0,0,1.0,defined,1.0
4103,D,shapley,sample_frequency,equal_class,0.17504329332976834,4,0,-0.3333333333333333,defined,0.0
4103,D,shapley,sample_frequency,equal_subject,0.00987950675403771,0,0,1.0,defined,1.0
4103,D,leave_one_out,sample_frequency,equal_class,0.5599378231962975,5,0,-0.6666666666666666,defined,0.0
4103,D,leave_one_out,sample_frequency,equal_subject,0.01901963264495197,0,0,1.0,defined,1.0
4103,D,data_size,sample_frequency,equal_class,0.0,0,0,1.0,defined,1.0
4103,D,data_size,sample_frequency,equal_subject,0.0,0,0,1.0,defined,1.0
4104,A,shapley,sample_frequency,equal_class,0.16316654298558275,5,0,-0.6666666666666666,defined,0.0
4104,A,shapley,sample_frequency,equal_subject,0.003919711202087714,0,0,1.0,defined,1.0
4104,A,leave_one_out,sample_frequency,equal_class,0.2354073536433283,2,0,0.3333333333333333,defined,1.0
4104,A,leave_one_out,sample_frequency,equal_subject,1.2075681641549041e-05,0,0,1.0,defined,1.0
4104,A,data_size,sample_frequency,equal_class,0.0,0,0,1.0,defined,1.0
4104,A,data_size,sample_frequency,equal_subject,0.0,0,0,1.0,defined,1.0
4104,B,shapley,sample_frequency,equal_class,0.14062853067389564,0,0,1.0,defined,1.0
4104,B,shapley,sample_frequency,equal_subject,0.004761770511447466,0,0,1.0,defined,1.0
4104,B,leave_one_out,sample_frequency,equal_class,0.06321198189945268,0,0,1.0,defined,1.0
4104,B,leave_one_out,sample_frequency,equal_subject,0.009232079946724626,0,0,1.0,defined,1.0
4104,B,data_size,sample_frequency,equal_class,0.0,0,0,1.0,defined,1.0
4104,B,data_size,sample_frequency,equal_subject,0.0,0,0,1.0,defined,1.0
4104,C,shapley,sample_frequency,equal_class,0.09991507559558066,0,0,1.0,defined,1.0
4104,C,shapley,sample_frequency,equal_subject,0.010880307535531951,0,0,1.0,defined,1.0
4104,C,leave_one_out,sample_frequency,equal_class,0.27462927590406827,1,0,0.6666666666666666,defined,0.0
4104,C,leave_one_out,sample_frequency,equal_subject,0.014589544381255926,0,0,1.0,defined,1.0
4104,C,data_size,sample_frequency,equal_class,0.0,0,0,1.0,defined,1.0
4104,C,data_size,sample_frequency,equal_subject,0.0,0,0,1.0,defined,1.0
4104,D,shapley,sample_frequency,equal_class,0.06185393891220159,1,0,0.6666666666666666,defined,0.0
4104,D,shapley,sample_frequency,equal_subject,0.007862641515772734,0,0,1.0,defined,1.0
4104,D,leave_one_out,sample_frequency,equal_class,0.2303664103246661,1,0,0.6666666666666666,defined,0.0
4104,D,leave_one_out,sample_frequency,equal_subject,0.016202610459867567,0,0,1.0,defined,1.0
4104,D,data_size,sample_frequency,equal_class,0.0,0,0,1.0,defined,1.0
4104,D,data_size,sample_frequency,equal_subject,0.0,0,0,1.0,defined,1.0
4105,A,shapley,sample_frequency,equal_class,0.07472607781810295,0,0,1.0,defined,1.0
4105,A,shapley,sample_frequency,equal_subject,0.008415150541875194,0,0,1.0,defined,1.0
4105,A,leave_one_out,sample_frequency,equal_class,0.4954169566275267,2,0,0.3333333333333333,defined,0.0
4105,A,leave_one_out,sample_frequency,equal_subject,0.05490939905956073,0,0,1.0,defined,1.0
4105,A,data_size,sample_frequency,equal_class,0.0,0,0,1.0,defined,1.0
4105,A,data_size,sample_frequency,equal_subject,0.0,0,0,1.0,defined,1.0
4105,B,shapley,sample_frequency,equal_class,0.17737653181865926,1,0,0.6666666666666666,defined,0.0
4105,B,shapley,sample_frequency,equal_subject,0.006311350295680786,0,0,1.0,defined,1.0
4105,B,leave_one_out,sample_frequency,equal_class,0.1798517376165566,2,0,0.3333333333333333,defined,0.0
4105,B,leave_one_out,sample_frequency,equal_subject,0.009985891638590622,0,0,1.0,defined,1.0
4105,B,data_size,sample_frequency,equal_class,0.0,0,0,1.0,defined,1.0
4105,B,data_size,sample_frequency,equal_subject,0.0,0,0,1.0,defined,1.0
4105,C,shapley,sample_frequency,equal_class,0.13665857357832212,3,0,0.0,defined,0.0
4105,C,shapley,sample_frequency,equal_subject,0.016675517003122406,0,0,1.0,defined,1.0
4105,C,leave_one_out,sample_frequency,equal_class,0.5666748527253669,3,0,0.0,defined,0.0
4105,C,leave_one_out,sample_frequency,equal_subject,0.06475221515843324,0,0,1.0,defined,1.0
4105,C,data_size,sample_frequency,equal_class,0.0,0,0,1.0,defined,1.0
4105,C,data_size,sample_frequency,equal_subject,0.0,0,0,1.0,defined,1.0
4105,D,shapley,sample_frequency,equal_class,0.0518169619463458,2,0,0.3333333333333333,defined,1.0
4105,D,shapley,sample_frequency,equal_subject,0.008378878277425464,0,0,1.0,defined,1.0
4105,D,leave_one_out,sample_frequency,equal_class,0.557473533949224,1,0,0.6666666666666666,defined,1.0
4105,D,leave_one_out,sample_frequency,equal_subject,0.07543556226311555,1,0,0.6666666666666666,defined,0.0
4105,D,data_size,sample_frequency,equal_class,0.0,0,0,1.0,defined,1.0
4105,D,data_size,sample_frequency,equal_subject,0.0,0,0,1.0,defined,1.0
4106,A,shapley,sample_frequency,equal_class,0.03388222316170683,1,0,0.6666666666666666,defined,0.0
4106,A,shapley,sample_frequency,equal_subject,0.004366794580947908,0,0,1.0,defined,1.0
4106,A,leave_one_out,sample_frequency,equal_class,0.1736338258872162,0,0,1.0,defined,1.0
4106,A,leave_one_out,sample_frequency,equal_subject,0.00605896935231548,0,0,1.0,defined,1.0
4106,A,data_size,sample_frequency,equal_class,0.0,0,0,1.0,defined,1.0
4106,A,data_size,sample_frequency,equal_subject,0.0,0,0,1.0,defined,1.0
4106,B,shapley,sample_frequency,equal_class,0.1450134275119047,1,0,0.6666666666666666,defined,0.0
4106,B,shapley,sample_frequency,equal_subject,0.013973403556874736,1,0,0.6666666666666666,defined,1.0
4106,B,leave_one_out,sample_frequency,equal_class,0.3036866246567671,0,0,1.0,defined,1.0
4106,B,leave_one_out,sample_frequency,equal_subject,0.01434892209507474,0,0,1.0,defined,1.0
4106,B,data_size,sample_frequency,equal_class,0.0,0,0,1.0,defined,1.0
4106,B,data_size,sample_frequency,equal_subject,0.0,0,0,1.0,defined,1.0
4106,C,shapley,sample_frequency,equal_class,0.0554338401989403,1,0,0.6666666666666666,defined,0.0
4106,C,shapley,sample_frequency,equal_subject,0.013057712012949092,1,0,0.6666666666666666,defined,1.0
4106,C,leave_one_out,sample_frequency,equal_class,0.10868781160009579,1,0,0.6666666666666666,defined,0.0
4106,C,leave_one_out,sample_frequency,equal_subject,0.06020076790754242,0,0,1.0,defined,1.0
4106,C,data_size,sample_frequency,equal_class,0.0,0,0,1.0,defined,1.0
4106,C,data_size,sample_frequency,equal_subject,0.0,0,0,1.0,defined,1.0
4106,D,shapley,sample_frequency,equal_class,0.172004770027631,1,0,0.6666666666666666,defined,1.0
4106,D,shapley,sample_frequency,equal_subject,0.01183684175330223,1,0,0.6666666666666666,defined,0.0
4106,D,leave_one_out,sample_frequency,equal_class,0.6243452719412214,3,0,0.0,defined,0.0
4106,D,leave_one_out,sample_frequency,equal_subject,0.018281593973542454,0,0,1.0,defined,1.0
4106,D,data_size,sample_frequency,equal_class,0.0,0,0,1.0,defined,1.0
4106,D,data_size,sample_frequency,equal_subject,0.0,0,0,1.0,defined,1.0
4107,A,shapley,sample_frequency,equal_class,0.06652810822700217,1,0,0.6666666666666666,defined,1.0
4107,A,shapley,sample_frequency,equal_subject,0.005569684785680373,0,0,1.0,defined,1.0
4107,A,leave_one_out,sample_frequency,equal_class,0.13626230835513917,1,0,0.6666666666666666,defined,1.0
4107,A,leave_one_out,sample_frequency,equal_subject,0.014293223517298254,0,0,1.0,defined,1.0
4107,A,data_size,sample_frequency,equal_class,0.0,0,0,1.0,defined,1.0
4107,A,data_size,sample_frequency,equal_subject,0.0,0,0,1.0,defined,1.0
4107,B,shapley,sample_frequency,equal_class,0.09661318485067341,1,0,0.6666666666666666,defined,0.0
4107,B,shapley,sample_frequency,equal_subject,0.006891059644724577,0,0,1.0,defined,1.0
4107,B,leave_one_out,sample_frequency,equal_class,0.11549307641408024,1,0,0.6666666666666666,defined,0.0
4107,B,leave_one_out,sample_frequency,equal_subject,0.010788233053927954,0,0,1.0,defined,1.0
4107,B,data_size,sample_frequency,equal_class,0.0,0,0,1.0,defined,1.0
4107,B,data_size,sample_frequency,equal_subject,0.0,0,0,1.0,defined,1.0
4107,C,shapley,sample_frequency,equal_class,0.10490016134265757,1,0,0.6666666666666666,defined,1.0
4107,C,shapley,sample_frequency,equal_subject,0.010520110815812583,1,0,0.6666666666666666,defined,1.0
4107,C,leave_one_out,sample_frequency,equal_class,0.4221465142697962,2,0,0.3333333333333333,defined,1.0
4107,C,leave_one_out,sample_frequency,equal_subject,0.07830681255301114,0,0,1.0,defined,1.0
4107,C,data_size,sample_frequency,equal_class,0.0,0,0,1.0,defined,1.0
4107,C,data_size,sample_frequency,equal_subject,0.0,0,0,1.0,defined,1.0
4107,D,shapley,sample_frequency,equal_class,0.07517752074917536,2,0,0.3333333333333333,defined,0.0
4107,D,shapley,sample_frequency,equal_subject,0.009585699993088906,1,0,0.6666666666666666,defined,0.0
4107,D,leave_one_out,sample_frequency,equal_class,0.4176732080911158,1,0,0.6666666666666666,defined,0.0
4107,D,leave_one_out,sample_frequency,equal_subject,0.059654567462035776,0,0,1.0,defined,1.0
4107,D,data_size,sample_frequency,equal_class,0.0,0,0,1.0,defined,1.0
4107,D,data_size,sample_frequency,equal_subject,0.0,0,0,1.0,defined,1.0
4108,A,shapley,sample_frequency,equal_class,0.2538890435298709,0,0,1.0,defined,1.0
4108,A,shapley,sample_frequency,equal_subject,0.012508331054783162,1,0,0.6666666666666666,defined,1.0
4108,A,leave_one_out,sample_frequency,equal_class,0.4642779300348143,2,0,0.3333333333333333,defined,1.0
4108,A,leave_one_out,sample_frequency,equal_subject,0.06727398559895094,0,0,1.0,defined,1.0
4108,A,data_size,sample_frequency,equal_class,0.0,0,0,1.0,defined,1.0
4108,A,data_size,sample_frequency,equal_subject,0.0,0,0,1.0,defined,1.0
4108,B,shapley,sample_frequency,equal_class,0.1888507074774925,4,0,-0.3333333333333333,defined,0.0
4108,B,shapley,sample_frequency,equal_subject,0.010346466235980623,0,0,1.0,defined,1.0
4108,B,leave_one_out,sample_frequency,equal_class,0.5993635800947218,2,0,0.3333333333333333,defined,0.0
4108,B,leave_one_out,sample_frequency,equal_subject,0.03176840210310579,0,0,1.0,defined,1.0
4108,B,data_size,sample_frequency,equal_class,0.0,0,0,1.0,defined,1.0
4108,B,data_size,sample_frequency,equal_subject,0.0,0,0,1.0,defined,1.0
4108,C,shapley,sample_frequency,equal_class,0.11661428740202746,1,0,0.6666666666666666,defined,0.0
4108,C,shapley,sample_frequency,equal_subject,0.023172023613444614,0,0,1.0,defined,1.0
4108,C,leave_one_out,sample_frequency,equal_class,0.3107394159284186,1,0,0.6666666666666666,defined,1.0
4108,C,leave_one_out,sample_frequency,equal_subject,0.016768317187938753,0,0,1.0,defined,1.0
4108,C,data_size,sample_frequency,equal_class,0.0,0,0,1.0,defined,1.0
4108,C,data_size,sample_frequency,equal_subject,0.0,0,0,1.0,defined,1.0
4108,D,shapley,sample_frequency,equal_class,0.10817188589355732,3,0,0.0,defined,0.0
4108,D,shapley,sample_frequency,equal_subject,0.008018704477502983,0,0,1.0,defined,1.0
4108,D,leave_one_out,sample_frequency,equal_class,0.49056034786726554,3,0,0.0,defined,0.0
4108,D,leave_one_out,sample_frequency,equal_subject,0.1179368452435527,1,0,0.6666666666666666,defined,1.0
4108,D,data_size,sample_frequency,equal_class,0.0,0,0,1.0,defined,1.0
4108,D,data_size,sample_frequency,equal_subject,0.0,0,0,1.0,defined,1.0
4109,A,shapley,sample_frequency,equal_class,0.20672282088722294,2,0,0.3333333333333333,defined,0.0
4109,A,shapley,sample_frequency,equal_subject,0.0038922340863449464,0,0,1.0,defined,1.0
4109,A,leave_one_out,sample_frequency,equal_class,0.4648887076461383,0,0,1.0,defined,1.0
4109,A,leave_one_out,sample_frequency,equal_subject,0.0027359684363180634,0,0,1.0,defined,1.0
4109,A,data_size,sample_frequency,equal_class,0.0,0,0,1.0,defined,1.0
4109,A,data_size,sample_frequency,equal_subject,0.0,0,0,1.0,defined,1.0
4109,B,shapley,sample_frequency,equal_class,0.10208311829816014,1,0,0.6666666666666666,defined,0.0
4109,B,shapley,sample_frequency,equal_subject,0.005098266941195875,0,0,1.0,defined,1.0
4109,B,leave_one_out,sample_frequency,equal_class,0.13705421335658205,0,0,1.0,defined,1.0
4109,B,leave_one_out,sample_frequency,equal_subject,0.00038087430515851284,0,0,1.0,defined,1.0
4109,B,data_size,sample_frequency,equal_class,0.0,0,0,1.0,defined,1.0
4109,B,data_size,sample_frequency,equal_subject,0.0,0,0,1.0,defined,1.0
4109,C,shapley,sample_frequency,equal_class,0.114744424444155,1,0,0.6666666666666666,defined,0.0
4109,C,shapley,sample_frequency,equal_subject,0.010984472415545982,0,0,1.0,defined,1.0
4109,C,leave_one_out,sample_frequency,equal_class,0.6108260073685716,3,0,0.0,defined,0.0
4109,C,leave_one_out,sample_frequency,equal_subject,0.06427260502241579,1,0,0.6666666666666666,defined,1.0
4109,C,data_size,sample_frequency,equal_class,0.0,0,0,1.0,defined,1.0
4109,C,data_size,sample_frequency,equal_subject,0.0,0,0,1.0,defined,1.0
4109,D,shapley,sample_frequency,equal_class,0.16619842998243475,2,0,0.3333333333333333,defined,0.0
4109,D,shapley,sample_frequency,equal_subject,0.0047283003721149686,0,0,1.0,defined,1.0
4109,D,leave_one_out,sample_frequency,equal_class,0.37983392909870367,0,0,1.0,defined,1.0
4109,D,leave_one_out,sample_frequency,equal_subject,0.005325053965705082,0,0,1.0,defined,1.0
4109,D,data_size,sample_frequency,equal_class,0.0,0,0,1.0,defined,1.0
4109,D,data_size,sample_frequency,equal_subject,0.0,0,0,1.0,defined,1.0
4110,A,shapley,sample_frequency,equal_class,0.1324051775929972,2,0,0.3333333333333333,defined,1.0
4110,A,shapley,sample_frequency,equal_subject,0.0170532178528376,0,0,1.0,defined,1.0
4110,A,leave_one_out,sample_frequency,equal_class,0.060361365830990166,0,0,1.0,defined,1.0
4110,A,leave_one_out,sample_frequency,equal_subject,0.00261454719520271,0,0,1.0,defined,1.0
4110,A,data_size,sample_frequency,equal_class,0.0,0,0,1.0,defined,1.0
4110,A,data_size,sample_frequency,equal_subject,0.0,0,0,1.0,defined,1.0
4110,B,shapley,sample_frequency,equal_class,0.07158715566129417,0,0,1.0,defined,1.0
4110,B,shapley,sample_frequency,equal_subject,0.0016601300275733144,0,0,1.0,defined,1.0
4110,B,leave_one_out,sample_frequency,equal_class,0.08575091593815334,0,0,1.0,defined,1.0
4110,B,leave_one_out,sample_frequency,equal_subject,0.003011996533595407,0,0,1.0,defined,1.0
4110,B,data_size,sample_frequency,equal_class,0.0,0,0,1.0,defined,1.0
4110,B,data_size,sample_frequency,equal_subject,0.0,0,0,1.0,defined,1.0
4110,C,shapley,sample_frequency,equal_class,0.15147931707348283,2,0,0.3333333333333333,defined,0.0
4110,C,shapley,sample_frequency,equal_subject,0.008265251587680031,0,0,1.0,defined,1.0
4110,C,leave_one_out,sample_frequency,equal_class,0.318299162973363,3,0,0.0,defined,0.0
4110,C,leave_one_out,sample_frequency,equal_subject,0.0230568662299701,0,0,1.0,defined,1.0
4110,C,data_size,sample_frequency,equal_class,0.0,0,0,1.0,defined,1.0
4110,C,data_size,sample_frequency,equal_subject,0.0,0,0,1.0,defined,1.0
4110,D,shapley,sample_frequency,equal_class,0.11316589321227878,2,0,0.3333333333333333,defined,0.0
4110,D,shapley,sample_frequency,equal_subject,0.009039947971703224,0,0,1.0,defined,1.0
4110,D,leave_one_out,sample_frequency,equal_class,0.7186395378456066,3,0,0.0,defined,0.0
4110,D,leave_one_out,sample_frequency,equal_subject,0.049365415399186555,0,0,1.0,defined,1.0
4110,D,data_size,sample_frequency,equal_class,0.0,0,0,1.0,defined,1.0
4110,D,data_size,sample_frequency,equal_subject,0.0,0,0,1.0,defined,1.0
