seed,cohort,evaluator,method,client,share,uniform_fallback
4101,A,sample_frequency,shapley,3,0.3465782139043141,False
4101,A,sample_frequency,shapley,5,0.047256469935526124,False
4101,A,sample_frequency,shapley,6,0.19730579226823952,False
4101,A,sample_frequency,shapley,8,0.4088595238919203,False
4101,A,sample_frequency,leave_one_out,3,0.15983971034614997,False
4101,A,sample_frequency,leave_one_out,5,0.0,False
4101,A,sample_frequency,leave_one_out,6,0.0,False
4101,A,sample_frequency,leave_one_out,8,0.84016028965385,False
4101,A,sample_frequency,data_size,3,0.27301841473178545,False
4101,A,sample_frequency,data_size,5,0.24179343474779824,False
4101,A,sample_frequency,data_size,6,0.2602081665332266,False
4101,A,sample_frequency,data_size,8,0.22497998398718974,False
4101,A,equal_class,shapley,3,0.30811654779914677,False
4101,A,equal_class,shapley,5,0.1434922380942932,False
4101,A,equal_class,shapley,6,0.22306622440765084,False
4101,A,equal_class,shapley,8,0.3253249896989093,False
4101,A,equal_class,leave_one_out,3,0.0609622456330055,False
4101,A,equal_class,leave_one_out,5,0.0,False
4101,A,equal_class,leave_one_out,6,0.0,False
4101,A,equal_class,leave_one_out,8,0.9390377543669945,False
4101,A,equal_class,data_size,3,0.27301841473178545,False
4101,A,equal_class,data_size,5,0.24179343474779824,False
4101,A,equal_class,data_size,6,0.2602081665332266,False
4101,A,equal_class,data_size,8,0.22497998398718974,False
4101,A,equal_subject,shapley,3,0.35013891947614223,False
4101,A,equal_subject,shapley,5,0.05350010944394196,False
4101,A,equal_subject,shapley,6,0.1987235076980016,False
4101,A,equal_subject,shapley,8,0.3976374633819143,False
4101,A,equal_subject,leave_one_out,3,0.17237562913017093,False
4101,A,equal_subject,leave_one_out,5,0.0,False
4101,A,equal_subject,leave_one_out,6,0.0,False
4101,A,equal_subject,leave_one_out,8,0.8276243708698291,False
4101,A,equal_subject,data_size,3,0.27301841473178545,False
4101,A,equal_subject,data_size,5,0.24179343474779824,False
4101,A,equal_subject,data_size,6,0.2602081665332266,False
4101,A,equal_subject,data_size,8,0.22497998398718974,False
4101,B,sample_frequency,shapley,11,0.3042563806796373,False
4101,B,sample_frequency,shapley,14,0.0,False
4101,B,sample_frequency,shapley,16,0.2628313167650718,False
4101,B,sample_frequency,shapley,17,0.43291230255529095,False
4101,B,sample_frequency,leave_one_out,11,0.3918741798397365,False
4101,B,sample_frequency,leave_one_out,14,0.0,False
4101,B,sample_frequency,leave_one_out,16,0.0,False
4101,B,sample_frequency,leave_one_out,17,0.6081258201602635,False
4101,B,sample_frequency,data_size,11,0.23015294974508377,False
4101,B,sample_frequency,data_size,14,0.23525127458120904,False
4101,B,sample_frequency,data_size,16,0.26656955571740715,False
4101,B,sample_frequency,data_size,17,0.26802621995630005,False
4101,B,equal_class,shapley,11,0.4535379284817002,False
4101,B,equal_class,shapley,14,0.0,False
4101,B,equal_class,shapley,16,0.27687836883469286,False
4101,B,equal_class,shapley,17,0.26958370268360693,False
4101,B,equal_class,leave_one_out,11,0.810664157802251,False
4101,B,equal_class,leave_one_out,14,0.0,False
4101,B,equal_class,leave_one_out,16,0.04781037739516402,False
4101,B,equal_class,leave_one_out,17,0.14152546480258502,False
4101,B,equal_class,data_size,11,0.23015294974508377,False
4101,B,equal_class,data_size,14,0.23525127458120904,False
4101,B,equal_class,data_size,16,0.26656955571740715,False
4101,B,equal_class,data_size,17,0.26802621995630005,False
4101,B,equal_subject,shapley,11,0.30626469125998684,False
4101,B,equal_subject,shapley,14,0.0,False
4101,B,equal_subject,shapley,16,0.26938839467443526,False
4101,B,equal_subject,shapley,17,0.4243469140655779,False
4101,B,equal_subject,leave_one_out,11,0.3906109361776642,False
4101,B,equal_subject,leave_one_out,14,0.0,False
4101,B,equal_subject,leave_one_out,16,0.0331124189878694,False
4101,B,equal_subject,leave_one_out,17,0.5762766448344664,False
4101,B,equal_subject,data_size,11,0.23015294974508377,False
4101,B,equal_subject,data_size,14,0.23525127458120904,False
4101,B,equal_subject,data_size,16,0.26656955571740715,False
4101,B,equal_subject,data_size,17,0.26802621995630005,False
4101,C,sample_frequency,shapley,19,0.1832844635487821,False
4101,C,sample_frequency,shapley,22,0.28588683518316443,False
4101,C,sample_frequency,shapley,23,0.3350121597221799,False
4101,C,sample_frequency,shapley,25,0.1958165415458736,False
4101,C,sample_frequency,leave_one_out,19,0.13796003046290561,False
4101,C,sample_frequency,leave_one_out,22,0.16920555963029507,False
4101,C,sample_frequency,leave_one_out,23,0.6928344099067993,False
4101,C,sample_frequency,leave_one_out,25,0.0,False
4101,C,sample_frequency,data_size,19,0.24623803009575923,False
4101,C,sample_frequency,data_size,22,0.21956224350205197,False
4101,C,sample_frequency,data_size,23,0.25444596443228457,False
4101,C,sample_frequency,data_size,25,0.27975376196990426,False
4101,C,equal_class,shapley,19,0.12331153862469174,False
4101,C,equal_class,shapley,22,0.2602988340699562,False
4101,C,equal_class,shapley,23,0.3998777388466992,False
4101,C,equal_class,shapley,25,0.2165118884586527,False
4101,C,equal_class,leave_one_out,19,0.0,False
4101,C,equal_class,leave_one_out,22,0.07053274362722654,False
4101,C,equal_class,leave_one_out,23,0.9294672563727735,False
4101,C,equal_class,leave_one_out,25,0.0,False
4101,C,equal_class,data_size,19,0.24623803009575923,False
4101,C,equal_class,data_size,22,0.21956224350205197,False
4101,C,equal_class,data_size,23,0.25444596443228457,False
4101,C,equal_class,data_size,25,0.27975376196990426,False
4101,C,equal_subject,shapley,19,0.1728165130970788,False
4101,C,equal_subject,shapley,22,0.2898511511739156,False
4101,C,equal_subject,shapley,23,0.3332783685638095,False
4101,C,equal_subject,shapley,25,0.20405396716519617,False
4101,C,equal_subject,leave_one_out,19,0.08472939185199517,False
4101,C,equal_subject,leave_one_out,22,0.1955519625012429,False
4101,C,equal_subject,leave_one_out,23,0.7197186456467619,False
4101,C,equal_subject,leave_one_out,25,0.0,False
4101,C,equal_subject,data_size,19,0.24623803009575923,False
4101,C,equal_subject,data_size,22,0.21956224350205197,False
4101,C,equal_subject,data_size,23,0.25444596443228457,False
4101,C,equal_subject,data_size,25,0.27975376196990426,False
4101,D,sample_frequency,shapley,27,0.30516897824125566,False
4101,D,sample_frequency,shapley,28,0.12252001825174065,False
4101,D,sample_frequency,shapley,29,0.34039526962971944,False
4101,D,sample_frequency,shapley,30,0.23191573387728417,False
4101,D,sample_frequency,leave_one_out,27,0.40255688645701504,False
4101,D,sample_frequency,leave_one_out,28,0.0,False
4101,D,sample_frequency,leave_one_out,29,0.597443113542985,False
4101,D,sample_frequency,leave_one_out,30,0.0,False
4101,D,sample_frequency,data_size,27,0.2531986531986532,False
4101,D,sample_frequency,data_size,28,0.2572390572390572,False
4101,D,sample_frequency,data_size,29,0.23164983164983166,False
4101,D,sample_frequency,data_size,30,0.2579124579124579,False
4101,D,equal_class,shapley,27,0.2268745556531924,False
4101,D,equal_class,shapley,28,0.1668380113606517,False
4101,D,equal_class,shapley,29,0.3759389705563414,False
4101,D,equal_class,shapley,30,0.23034846242981452,False
4101,D,equal_class,leave_one_out,27,0.0,False
4101,D,equal_class,leave_one_out,28,0.0,False
4101,D,equal_class,leave_one_out,29,1.0,False
4101,D,equal_class,leave_one_out,30,0.0,False
4101,D,equal_class,data_size,27,0.2531986531986532,False
4101,D,equal_class,data_size,28,0.2572390572390572,False
4101,D,equal_class,data_size,29,0.23164983164983166,False
4101,D,equal_class,data_size,30,0.2579124579124579,False
4101,D,equal_subject,shapley,27,0.3035981510720291,False
4101,D,equal_subject,shapley,28,0.11359210244294514,False
4101,D,equal_subject,shapley,29,0.3511549688560615,False
4101,D,equal_subject,shapley,30,0.2316547776289643,False
4101,D,equal_subject,leave_one_out,27,0.37732865280791844,False
4101,D,equal_subject,leave_one_out,28,0.0,False
4101,D,equal_subject,leave_one_out,29,0.6226713471920815,False
4101,D,equal_subject,leave_one_out,30,0.0,False
4101,D,equal_subject,data_size,27,0.2531986531986532,False
4101,D,equal_subject,data_size,28,0.2572390572390572,False
4101,D,equal_subject,data_size,29,0.23164983164983166,False
4101,D,equal_subject,data_size,30,0.2579124579124579,False
4102,A,sample_frequency,shapley,3,0.2615131940317176,False
4102,A,sample_frequency,shapley,5,0.3519548214046277,False
4102,A,sample_frequency,shapley,6,0.0,False
4102,A,sample_frequency,shapley,8,0.38653198456365473,False
4102,A,sample_frequency,leave_one_out,3,0.0,False
4102,A,sample_frequency,leave_one_out,5,0.5074884037649872,False
4102,A,sample_frequency,leave_one_out,6,0.0,False
4102,A,sample_frequency,leave_one_out,8,0.49251159623501284,False
4102,A,sample_frequency,data_size,3,0.27301841473178545,False
4102,A,sample_frequency,data_size,5,0.24179343474779824,False
4102,A,sample_frequency,data_size,6,0.2602081665332266,False
4102,A,sample_frequency,data_size,8,0.22497998398718974,False
4102,A,equal_class,shapley,3,0.25441713592479637,False
4102,A,equal_class,shapley,5,0.21046141966256682,False
4102,A,equal_class,shapley,6,0.17626709345926553,False
4102,A,equal_class,shapley,8,0.35885435095337126,False
4102,A,equal_class,leave_one_out,3,0.0,False
4102,A,equal_class,leave_one_out,5,0.09658008982390918,False
4102,A,equal_class,leave_one_out,6,0.08284241457737601,False
4102,A,equal_class,leave_one_out,8,0.8205774955987148,False
4102,A,equal_class,data_size,3,0.27301841473178545,False
4102,A,equal_class,data_size,5,0.24179343474779824,False
4102,A,equal_class,data_size,6,0.2602081665332266,False
4102,A,equal_class,data_size,8,0.22497998398718974,False
4102,A,equal_subject,shapley,3,0.26577742948627087,False
4102,A,equal_subject,shapley,5,0.36241478585077014,False
4102,A,equal_subject,shapley,6,0.0,False
4102,A,equal_subject,shapley,8,0.37180778466295894,False
4102,A,equal_subject,leave_one_out,3,0.0,False
4102,A,equal_subject,leave_one_out,5,0.5472556554623251,False
4102,A,equal_subject,leave_one_out,6,0.0,False
4102,A,equal_subject,leave_one_out,8,0.4527443445376748,False
4102,A,equal_subject,data_size,3,0.27301841473178545,False
4102,A,equal_subject,data_size,5,0.24179343474779824,False
4102,A,equal_subject,data_size,6,0.2602081665332266,False
4102,A,equal_subject,data_size,8,0.22497998398718974,False
4102,B,sample_frequency,shapley,11,0.2661169293002246,False
4102,B,sample_frequency,shapley,14,0.34777137120626495,False
4102,B,sample_frequency,shapley,16,0.10929812820225752,False
4102,B,sample_frequency,shapley,17,0.276813571291253,False
4102,B,sample_frequency,leave_one_out,11,0.2931082163297995,False
4102,B,sample_frequency,leave_one_out,14,0.654853257466641,False
4102,B,sample_frequency,leave_one_out,16,0.0,False
4102,B,sample_frequency,leave_one_out,17,0.052038526203559525,False
4102,B,sample_frequency,data_size,11,0.23015294974508377,False
4102,B,sample_frequency,data_size,14,0.23525127458120904,False
4102,B,sample_frequency,data_size,16,0.26656955571740715,False
4102,B,sample_frequency,data_size,17,0.26802621995630005,False
4102,B,equal_class,shapley,11,0.37789029375898536,False
4102,B,equal_class,shapley,14,0.2548923503432001,False
4102,B,equal_class,shapley,16,0.11889569095516629,False
4102,B,equal_class,shapley,17,0.24832166494264826,False
4102,B,equal_class,leave_one_out,11,0.7670013297924161,False
4102,B,equal_class,leave_one_out,14,0.23299867020758394,False
4102,B,equal_class,leave_one_out,16,0.0,False
4102,B,equal_class,leave_one_out,17,0.0,False
4102,B,equal_class,data_size,11,0.23015294974508377,False
4102,B,equal_class,data_size,14,0.23525127458120904,False
4102,B,equal_class,data_size,16,0.26656955571740715,False
4102,B,equal_class,data_size,17,0.26802621995630005,False
4102,B,equal_subject,shapley,11,0.2658309762004679,False
4102,B,equal_subject,shapley,14,0.33988000194118595,False
4102,B,equal_subject,shapley,16,0.1208383456755216,False
4102,B,equal_subject,shapley,17,0.27345067618282454,False
4102,B,equal_subject,leave_one_out,11,0.30802838722207343,False
4102,B,equal_subject,leave_one_out,14,0.6557867114426458,False
4102,B,equal_subject,leave_one_out,16,0.0,False
4102,B,equal_subject,leave_one_out,17,0.03618490133528074,False
4102,B,equal_subject,data_size,11,0.23015294974508377,False
4102,B,equal_subject,data_size,14,0.23525127458120904,False
4102,B,equal_subject,data_size,16,0.26656955571740715,False
4102,B,equal_subject,data_size,17,0.26802621995630005,False
4102,C,sample_frequency,shapley,19,0.0,False
4102,C,sample_frequency,shapley,22,0.3552039222889795,False
4102,C,sample_frequency,shapley,23,0.35125861846569545,False
4102,C,sample_frequency,shapley,25,0.29353745924532504,False
4102,C,sample_frequency,leave_one_out,19,0.0,False
4102,C,sample_frequency,leave_one_out,22,0.21641045037013656,False
4102,C,sample_frequency,leave_one_out,23,0.6642542139418823,False
4102,C,sample_frequency,leave_one_out,25,0.11933533568798112,False
4102,C,sample_frequency,data_size,19,0.24623803009575923,False
4102,C,sample_frequency,data_size,22,0.21956224350205197,False
4102,C,sample_frequency,data_size,23,0.25444596443228457,False
4102,C,sample_frequency,data_size,25,0.27975376196990426,False
4102,C,equal_class,shapley,19,0.0,False
4102,C,equal_class,shapley,22,0.35076529854777116,False
4102,C,equal_class,shapley,23,0.3629201421245762,False
4102,C,equal_class,shapley,25,0.2863145593276527,False
4102,C,equal_class,leave_one_out,19,0.0,False
4102,C,equal_class,leave_one_out,22,0.2115251733441318,False
4102,C,equal_class,leave_one_out,23,0.6868500212227816,False
4102,C,equal_class,leave_one_out,25,0.10162480543308659,False
4102,C,equal_class,data_size,19,0.24623803009575923,False
4102,C,equal_class,data_size,22,0.21956224350205197,False
4102,C,equal_class,data_size,23,0.25444596443228457,False
4102,C,equal_class,data_size,25,0.27975376196990426,False
4102,C,equal_subject,shapley,19,0.0,False
4102,C,equal_subject,shapley,22,0.34729376889369346,False
4102,C,equal_subject,shapley,23,0.3560124294118954,False
4102,C,equal_subject,shapley,25,0.29669380169441106,False
4102,C,equal_subject,leave_one_out,19,0.0,False
4102,C,equal_subject,leave_one_out,22,0.19445451227957422,False
4102,C,equal_subject,leave_one_out,23,0.6544079905415147,False
4102,C,equal_subject,leave_one_out,25,0.15113749717891112,False
4102,C,equal_subject,data_size,19,0.24623803009575923,False
4102,C,equal_subject,data_size,22,0.21956224350205197,False
4102,C,equal_subject,data_size,23,0.25444596443228457,False
4102,C,equal_subject,data_size,25,0.27975376196990426,False
4102,D,sample_frequency,shapley,27,0.22647266050291076,False
4102,D,sample_frequency,shapley,28,0.17505492066425943,False
4102,D,sample_frequency,shapley,29,0.4071282173876454,False
4102,D,sample_frequency,shapley,30,0.1913442014451845,False
4102,D,sample_frequency,leave_one_out,27,0.0,False
4102,D,sample_frequency,leave_one_out,28,0.0,False
4102,D,sample_frequency,leave_one_out,29,1.0,False
4102,D,sample_frequency,leave_one_out,30,0.0,False
4102,D,sample_frequency,data_size,27,0.2531986531986532,False
4102,D,sample_frequency,data_size,28,0.2572390572390572,False
4102,D,sample_frequency,data_size,29,0.23164983164983166,False
4102,D,sample_frequency,data_size,30,0.2579124579124579,False
4102,D,equal_class,shapley,27,0.22340280049397587,False
4102,D,equal_class,shapley,28,0.12116064021365587,False
4102,D,equal_class,shapley,29,0.3709710666500381,False
4102,D,equal_class,shapley,30,0.28446549264233006,False
4102,D,equal_class,leave_one_out,27,0.0,False
4102,D,equal_class,leave_one_out,28,0.0,False
4102,D,equal_class,leave_one_out,29,0.6050529672648168,False
4102,D,equal_class,leave_one_out,30,0.39494703273518317,False
4102,D,equal_class,data_size,27,0.2531986531986532,False
4102,D,equal_class,data_size,28,0.2572390572390572,False
4102,D,equal_class,data_size,29,0.23164983164983166,False
4102,D,equal_class,data_size,30,0.2579124579124579,False
4102,D,equal_subject,shapley,27,0.2247652965568635,False
4102,D,equal_subject,shapley,28,0.17494709396683963,False
4102,D,equal_subject,shapley,29,0.4186143324881167,False
4102,D,equal_subject,shapley,30,0.18167327698818025,False
4102,D,equal_subject,leave_one_out,27,0.0,False
4102,D,equal_subject,leave_one_out,28,0.0,False
4102,D,equal_subject,leave_one_out,29,1.0,False
4102,D,equal_subject,leave_one_out,30,0.0,False
4102,D,equal_subject,data_size,27,0.2531986531986532,False
4102,D,equal_subject,data_size,28,0.2572390572390572,False
4102,D,equal_subject,data_size,29,0.23164983164983166,False
4102,D,equal_subject,data_size,30,0.2579124579124579,False
4103,A,sample_frequency,shapley,3,0.3056132208939218,False
4103,A,sample_frequency,shapley,5,0.22376350807943152,False
4103,A,sample_frequency,shapley,6,0.2663971088975791,False
4103,A,sample_frequency,shapley,8,0.20422616212906758,False
4103,A,sample_frequency,leave_one_out,3,0.8621253661220788,False
4103,A,sample_frequency,leave_one_out,5,0.0,False
4103,A,sample_frequency,leave_one_out,6,0.13787463387792123,False
4103,A,sample_frequency,leave_one_out,8,0.0,False
4103,A,sample_frequency,data_size,3,0.27301841473178545,False
4103,A,sample_frequency,data_size,5,0.24179343474779824,False
4103,A,sample_frequency,data_size,6,0.2602081665332266,False
4103,A,sample_frequency,data_size,8,0.22497998398718974,False
4103,A,equal_class,shapley,3,0.43385832893978044,False
4103,A,equal_class,shapley,5,0.21277869571155775,False
4103,A,equal_class,shapley,6,0.2776888514084082,False
4103,A,equal_class,shapley,8,0.07567412394025343,False
4103,A,equal_class,leave_one_out,3,0.9100313215120094,False
4103,A,equal_class,leave_one_out,5,0.0,False
4103,A,equal_class,leave_one_out,6,0.08996867848799067,False
4103,A,equal_class,leave_one_out,8,0.0,False
4103,A,equal_class,data_size,3,0.27301841473178545,False
4103,A,equal_class,data_size,5,0.24179343474779824,False
4103,A,equal_class,data_size,6,0.2602081665332266,False
4103,A,equal_class,data_size,8,0.22497998398718974,False
4103,A,equal_subject,shapley,3,0.302560568923403,False
4103,A,equal_subject,shapley,5,0.22659228995686387,False
4103,A,equal_subject,shapley,6,0.26455734596212915,False
4103,A,equal_subject,shapley,8,0.206289795157604,False
4103,A,equal_subject,leave_one_out,3,0.8695169506872549,False
4103,A,equal_subject,leave_one_out,5,0.0,False
4103,A,equal_subject,leave_one_out,6,0.12950635084574658,False
4103,A,equal_subject,leave_one_out,8,0.0009766984669985488,False
4103,A,equal_subject,data_size,3,0.27301841473178545,False
4103,A,equal_subject,data_size,5,0.24179343474779824,False
4103,A,equal_subject,data_size,6,0.2602081665332266,False
4103,A,equal_subject,data_size,8,0.22497998398718974,False
4103,B,sample_frequency,shapley,11,0.462072831848569,False
4103,B,sample_frequency,shapley,14,0.0,False
4103,B,sample_frequency,shapley,16,0.02156472979502486,False
4103,B,sample_frequency,shapley,17,0.516362438356406,False
4103,B,sample_frequency,leave_one_out,11,0.3572903049435306,False
4103,B,sample_frequency,leave_one_out,14,0.0,False
4103,B,sample_frequency,leave_one_out,16,0.0,False
4103,B,sample_frequency,leave_one_out,17,0.6427096950564695,False
4103,B,sample_frequency,data_size,11,0.23015294974508377,False
4103,B,sample_frequency,data_size,14,0.23525127458120904,False
4103,B,sample_frequency,data_size,16,0.26656955571740715,False
4103,B,sample_frequency,data_size,17,0.26802621995630005,False
4103,B,equal_class,shapley,11,0.4563866388550701,False
4103,B,equal_class,shapley,14,0.05767968421498265,False
4103,B,equal_class,shapley,16,0.11378793690980553,False
4103,B,equal_class,shapley,17,0.37214574002014184,False
4103,B,equal_class,leave_one_out,11,0.4534946281765209,False
4103,B,equal_class,leave_one_out,14,0.0,False
4103,B,equal_class,leave_one_out,16,0.0,False
4103,B,equal_class,leave_one_out,17,0.546505371823479,False
4103,B,equal_class,data_size,11,0.23015294974508377,False
4103,B,equal_class,data_size,14,0.23525127458120904,False
4103,B,equal_class,data_size,16,0.26656955571740715,False
4103,B,equal_class,data_size,17,0.26802621995630005,False
4103,B,equal_subject,shapley,11,0.4662408833374775,False
4103,B,equal_subject,shapley,14,0.0,False
4103,B,equal_subject,shapley,16,0.0193694728511263,False
4103,B,equal_subject,shapley,17,0.5143896438113963,False
4103,B,equal_subject,leave_one_out,11,0.36298475129628216,False
4103,B,equal_subject,leave_one_out,14,0.0,False
4103,B,equal_subject,leave_one_out,16,0.0,False
4103,B,equal_subject,leave_one_out,17,0.6370152487037178,False
4103,B,equal_subject,data_size,11,0.23015294974508377,False
4103,B,equal_subject,data_size,14,0.23525127458120904,False
4103,B,equal_subject,data_size,16,0.26656955571740715,False
4103,B,equal_subject,data_size,17,0.26802621995630005,False
4103,C,sample_frequency,shapley,19,0.16441613366770846,False
4103,C,sample_frequency,shapley,22,0.28795411241876745,False
4103,C,sample_frequency,shapley,23,0.26481488886029875,False
4103,C,sample_frequency,shapley,25,0.28281486505322534,False
4103,C,sample_frequency,leave_one_out,19,0.0,False
4103,C,sample_frequency,leave_one_out,22,0.43976187468328315,False
4103,C,sample_frequency,leave_one_out,23,0.3091100497913626,False
4103,C,sample_frequency,leave_one_out,25,0.25112807552535427,False
4103,C,sample_frequency,data_size,19,0.24623803009575923,False
4103,C,sample_frequency,data_size,22,0.21956224350205197,False
4103,C,sample_frequency,data_size,23,0.25444596443228457,False
4103,C,sample_frequency,data_size,25,0.27975376196990426,False
4103,C,equal_class,shapley,19,0.1986867407436663,False
4103,C,equal_class,shapley,22,0.20538597421485472,False
4103,C,equal_class,shapley,23,0.3659133503662911,False
4103,C,equal_class,shapley,25,0.23001393467518783,False
4103,C,equal_class,leave_one_out,19,0.0,False
4103,C,equal_class,leave_one_out,22,0.21906553017961583,False
4103,C,equal_class,leave_one_out,23,0.7478116482656529,False
4103,C,equal_class,leave_one_out,25,0.033122821554731216,False
4103,C,equal_class,data_size,19,0.24623803009575923,False
4103,C,equal_class,data_size,22,0.21956224350205197,False
4103,C,equal_class,data_size,23,0.25444596443228457,False
4103,C,equal_class,data_size,25,0.27975376196990426,False
4103,C,equal_subject,shapley,19,0.15193514257274143,False
4103,C,equal_subject,shapley,22,0.28691083149236796,False
4103,C,equal_subject,shapley,23,0.2662517203343562,False
4103,C,equal_subject,shapley,25,0.2949023056005345,False
4103,C,equal_subject,leave_one_out,19,0.0,False
4103,C,equal_subject,leave_one_out,22,0.4154465602186819,False
4103,C,equal_subject,leave_one_out,23,0.2990251121648719,False
4103,C,equal_subject,leave_one_out,25,0.2855283276164462,False
4103,C,equal_subject,data_size,19,0.24623803009575923,False
4103,C,equal_subject,data_size,22,0.21956224350205197,False
4103,C,equal_subject,data_size,23,0.25444596443228457,False
4103,C,equal_subject,data_size,25,0.27975376196990426,False
4103,D,sample_frequency,shapley,27,0.3161827184237989,False
4103,D,sample_frequency,shapley,28,0.030082546284956845,False
4103,D,sample_frequency,shapley,29,0.33672892503557017,False
4103,D,sample_frequency,shapley,30,0.3170058102556741,False
4103,D,sample_frequency,leave_one_out,27,0.07321555530012358,False
4103,D,sample_frequency,leave_one_out,28,0.0,False
4103,D,sample_frequency,leave_one_out,29,0.7850892789023093,False
4103,D,sample_frequency,leave_one_out,30,0.14169516579756714,False
4103,D,sample_frequency,data_size,27,0.2531986531986532,False
4103,D,sample_frequency,data_size,28,0.2572390572390572,False
4103,D,sample_frequency,data_size,29,0.23164983164983166,False
4103,D,sample_frequency,data_size,30,0.2579124579124579,False
4103,D,equal_class,shapley,27,0.35064567478601044,False
4103,D,equal_class,shapley,28,0.16638450767783305,False
4103,D,equal_class,shapley,29,0.16168563170580177,False
4103,D,equal_class,shapley,30,0.3212841858303546,False
4103,D,equal_class,leave_one_out,27,0.23693301677586148,False
4103,D,equal_class,leave_one_out,28,0.35603568674254127,False
4103,D,equal_class,leave_one_out,29,0.2251514557060117,False
4103,D,equal_class,leave_one_out,30,0.18187984077558556,False
4103,D,equal_class,data_size,27,0.2531986531986532,False
4103,D,equal_class,data_size,28,0.2572390572390572,False
4103,D,equal_class,data_size,29,0.23164983164983166,False
4103,D,equal_class,data_size,30,0.2579124579124579,False
4103,D,equal_subject,shapley,27,0.31257293432047073,False
4103,D,equal_subject,shapley,28,0.02381282363424731,False
4103,D,equal_subject,shapley,29,0.3456770254244151,False
4103,D,equal_subject,shapley,30,0.3179372166208669,False
4103,D,equal_subject,leave_one_out,27,0.05534761761381694,False
4103,D,equal_subject,leave_one_out,28,0.0,False
4103,D,equal_subject,leave_one_out,29,0.8041089115472613,False
4103,D,equal_subject,leave_one_out,30,0.14054347083892182,False
4103,D,equal_subject,data_size,27,0.2531986531986532,False
4103,D,equal_subject,data_size,28,0.2572390572390572,False
4103,D,equal_subject,data_size,29,0.23164983164983166,False
4103,D,equal_subject,data_size,30,0.2579124579124579,False
4104,A,sample_frequency,shapley,3,0.23873933920175103,False
4104,A,sample_frequency,shapley,5,0.2542849972495697,False
4104,A,sample_frequency,shapley,6,0.15359394754220584,False
4104,A,sample_frequency,shapley,8,0.3533817160064734,False
4104,A,sample_frequency,leave_one_out,3,0.0,False
4104,A,sample_frequency,leave_one_out,5,0.06072966389059696,False
4104,A,sample_frequency,leave_one_out,6,0.0,False
4104,A,sample_frequency,leave_one_out,8,0.939270336109403,False
4104,A,sample_frequency,data_size,3,0.27301841473178545,False
4104,A,sample_frequency,data_size,5,0.24179343474779824,False
4104,A,sample_frequency,data_size,6,0.2602081665332266,False
4104,A,sample_frequency,data_size,8,0.22497998398718974,False
4104,A,equal_class,shapley,3,0.2816475024181545,False
4104,A,equal_class,shapley,5,0.2450827999387727,False
4104,A,equal_class,shapley,6,0.27385232731138515,False
4104,A,equal_class,shapley,8,0.19941737033168772,False
4104,A,equal_class,leave_one_out,3,0.0,False
4104,A,equal_class,leave_one_out,5,0.038431898056502746,False
4104,A,equal_class,leave_one_out,6,0.2354073536433283,False
4104,A,equal_class,leave_one_out,8,0.726160748300169,False
4104,A,equal_class,data_size,3,0.27301841473178545,False
4104,A,equal_class,data_size,5,0.24179343474779824,False
4104,A,equal_class,data_size,6,0.2602081665332266,False
4104,A,equal_class,data_size,8,0.22497998398718974,False
4104,A,equal_subject,shapley,3,0.23798070690701356,False
4104,A,equal_subject,shapley,5,0.2542258391457456,False
4104,A,equal_subject,shapley,6,0.15049202673867973,False
4104,A,equal_subject,shapley,8,0.3573014272085611,False
4104,A,equal_subject,leave_one_out,3,0.0,False
4104,A,equal_subject,leave_one_out,5,0.06074173957223854,False
4104,A,equal_subject,leave_one_out,6,0.0,False
4104,A,equal_subject,leave_one_out,8,0.9392582604277615,False
4104,A,equal_subject,data_size,3,0.27301841473178545,False
4104,A,equal_subject,data_size,5,0.24179343474779824,False
4104,A,equal_subject,data_size,6,0.2602081665332266,False
4104,A,equal_subject,data_size,8,0.22497998398718974,False
4104,B,sample_frequency,shapley,11,0.34636735932942964,False
4104,B,sample_frequency,shapley,14,0.14289369208821243,False
4104,B,sample_frequency,shapley,16,0.22052494879230844,False
4104,B,sample_frequency,shapley,17,0.2902139997900495,False
4104,B,sample_frequency,leave_one_out,11,0.9367880181005473,False
4104,B,sample_frequency,leave_one_out,14,0.0,False
4104,B,sample_frequency,leave_one_out,16,0.0,False
4104,B,sample_frequency,leave_one_out,17,0.0632119818994527,False
4104,B,sample_frequency,data_size,11,0.23015294974508377,False
4104,B,sample_frequency,data_size,14,0.23525127458120904,False
4104,B,sample_frequency,data_size,16,0.26656955571740715,False
4104,B,sample_frequency,data_size,17,0.26802621995630005,False
4104,B,equal_class,shapley,11,0.4869958900033252,False
4104,B,equal_class,shapley,14,0.08537347120865535,False
4104,B,equal_class,shapley,16,0.1933772592712211,False
4104,B,equal_class,shapley,17,0.23425337951679825,False
4104,B,equal_class,leave_one_out,11,1.0,False
4104,B,equal_class,leave_one_out,14,0.0,False
4104,B,equal_class,leave_one_out,16,0.0,False
4104,B,equal_class,leave_one_out,17,0.0,False
4104,B,equal_class,data_size,11,0.23015294974508377,False
4104,B,equal_class,data_size,14,0.23525127458120904,False
4104,B,equal_class,data_size,16,0.26656955571740715,False
4104,B,equal_class,data_size,17,0.26802621995630005,False
4104,B,equal_subject,shapley,11,0.34513772146432653,False
4104,B,equal_subject,shapley,14,0.14088398299917704,False
4104,B,equal_subject,shapley,16,0.2252867193037559,False
4104,B,equal_subject,shapley,17,0.28869157623274055,False
4104,B,equal_subject,leave_one_out,11,0.9460200980472719,False
4104,B,equal_subject,leave_one_out,14,0.0,False
4104,B,equal_subject,leave_one_out,16,0.0,False
4104,B,equal_subject,leave_one_out,17,0.05397990195272803,False
4104,B,equal_subject,data_size,11,0.23015294974508377,False
4104,B,equal_subject,data_size,14,0.23525127458120904,False
4104,B,equal_subject,data_size,16,0.26656955571740715,False
4104,B,equal_subject,data_size,17,0.26802621995630005,False
4104,C,sample_frequency,shapley,19,0.009050179763233067,False
4104,C,sample_frequency,shapley,22,0.47794903631918884,False
4104,C,sample_frequency,shapley,23,0.22133075569353663,False
4104,C,sample_frequency,shapley,25,0.2916700282240415,False
4104,C,sample_frequency,leave_one_out,19,0.0,False
4104,C,sample_frequency,leave_one_out,22,0.6663225985822985,False
4104,C,sample_frequency,leave_one_out,23,0.0,False
4104,C,sample_frequency,leave_one_out,25,0.3336774014177015,False
4104,C,sample_frequency,data_size,19,0.24623803009575923,False
4104,C,sample_frequency,data_size,22,0.21956224350205197,False
4104,C,sample_frequency,data_size,23,0.25444596443228457,False
4104,C,sample_frequency,data_size,25,0.27975376196990426,False
4104,C,equal_class,shapley,19,0.0,False
4104,C,equal_class,shapley,22,0.40937762665124283,False
4104,C,equal_class,shapley,23,0.19903726952913509,False
4104,C,equal_class,shapley,25,0.3915851038196222,False
4104,C,equal_class,leave_one_out,19,0.0,False
4104,C,equal_class,leave_one_out,22,0.3916933226782302,False
4104,C,equal_class,leave_one_out,23,0.0,False
4104,C,equal_class,leave_one_out,25,0.6083066773217698,False
4104,C,equal_class,data_size,19,0.24623803009575923,False
4104,C,equal_class,data_size,22,0.21956224350205197,False
4104,C,equal_class,data_size,23,0.25444596443228457,False
4104,C,equal_class,data_size,25,0.27975376196990426,False
4104,C,equal_subject,shapley,19,0.0,False
4104,C,equal_subject,shapley,22,0.47611890854689,False
4104,C,equal_subject,shapley,23,0.22857995540579387,False
4104,C,equal_subject,shapley,25,0.2953011360473162,False
4104,C,equal_subject,leave_one_out,19,0.0,False
4104,C,equal_subject,leave_one_out,22,0.6517330542010425,False
4104,C,equal_subject,leave_one_out,23,0.0,False
4104,C,equal_subject,leave_one_out,25,0.34826694579895745,False
4104,C,equal_subject,data_size,19,0.24623803009575923,False
4104,C,equal_subject,data_size,22,0.21956224350205197,False
4104,C,equal_subject,data_size,23,0.25444596443228457,False
4104,C,equal_subject,data_size,25,0.27975376196990426,False
4104,D,sample_frequency,shapley,27,0.34343959350092407,False
4104,D,sample_frequency,shapley,28,0.08366944490675335,False
4104,D,sample_frequency,shapley,29,0.253758908099229,False
4104,D,sample_frequency,shapley,30,0.3191320534930936,False
4104,D,sample_frequency,leave_one_out,27,0.5612349744235151,False
4104,D,sample_frequency,leave_one_out,28,0.0,False
4104,D,sample_frequency,leave_one_out,29,0.01929227540586843,False
4104,D,sample_frequency,leave_one_out,30,0.41947275017061647,False
4104,D,sample_frequency,data_size,27,0.2531986531986532,False
4104,D,sample_frequency,data_size,28,0.2572390572390572,False
4104,D,sample_frequency,data_size,29,0.23164983164983166,False
4104,D,sample_frequency,data_size,30,0.2579124579124579,False
4104,D,equal_class,shapley,27,0.2859711507771334,False
4104,D,equal_class,shapley,28,0.13155786826175567,False
4104,D,equal_class,shapley,29,0.24937341191081808,False
4104,D,equal_class,shapley,30,0.33309756905029286,False
4104,D,equal_class,leave_one_out,27,0.3495023842976512,False
4104,D,equal_class,leave_one_out,28,0.0,False
4104,D,equal_class,leave_one_out,29,0.0006584552070662982,False
4104,D,equal_class,leave_one_out,30,0.6498391604952826,False
4104,D,equal_class,data_size,27,0.2531986531986532,False
4104,D,equal_class,data_size,28,0.2572390572390572,False
4104,D,equal_class,data_size,29,0.23164983164983166,False
4104,D,equal_class,data_size,30,0.2579124579124579,False
4104,D,equal_subject,shapley,27,0.3401121920505151,False
4104,D,equal_subject,shapley,28,0.08853377189225028,False
4104,D,equal_subject,shapley,29,0.25675722262950473,False
4104,D,equal_subject,shapley,30,0.3145968134277297,False
4104,D,equal_subject,leave_one_out,27,0.5588302210380608,False
4104,D,equal_subject,leave_one_out,28,0.0,False
4104,D,equal_subject,leave_one_out,29,0.03549488586573602,False
4104,D,equal_subject,leave_one_out,30,0.40567489309620325,False
4104,D,equal_subject,data_size,27,0.2531986531986532,False
4104,D,equal_subject,data_size,28,0.2572390572390572,False
4104,D,equal_subject,data_size,29,0.23164983164983166,False
4104,D,equal_subject,data_size,30,0.2579124579124579,False
4105,A,sample_frequency,shapley,3,0.2871597942085825,False
4105,A,sample_frequency,shapley,5,0.3491462850979273,False
4105,A,sample_frequency,shapley,6,0.21597420624866961,False
4105,A,sample_frequency,shapley,8,0.14771971444482068,False
4105,A,sample_frequency,leave_one_out,3,0.18610715141328651,False
4105,A,sample_frequency,leave_one_out,5,0.7537434403056023,False
4105,A,sample_frequency,leave_one_out,6,0.0,False
4105,A,sample_frequency,leave_one_out,8,0.06014940828111126,False
4105,A,sample_frequency,data_size,3,0.27301841473178545,False
4105,A,sample_frequency,data_size,5,0.24179343474779824,False
4105,A,sample_frequency,data_size,6,0.2602081665332266,False
4105,A,sample_frequency,data_size,8,0.22497998398718974,False
4105,A,equal_class,shapley,3,0.2588223212100316,False
4105,A,equal_class,shapley,5,0.3027576802783752,False
4105,A,equal_class,shapley,6,0.23995235377071056,False
4105,A,equal_class,shapley,8,0.19846764474088266,False
4105,A,equal_class,leave_one_out,3,0.0,False
4105,A,equal_class,leave_one_out,5,0.4444336350913621,False
4105,A,equal_class,leave_one_out,6,0.0,False
4105,A,equal_class,leave_one_out,8,0.555566364908638,False
4105,A,equal_class,data_size,3,0.27301841473178545,False
4105,A,equal_class,data_size,5,0.24179343474779824,False
4105,A,equal_class,data_size,6,0.2602081665332266,False
4105,A,equal_class,data_size,8,0.22497998398718974,False
4105,A,equal_subject,shapley,3,0.2857101029565334,False
4105,A,equal_subject,shapley,5,0.35438293765238515,False
4105,A,equal_subject,shapley,6,0.21915270423608693,False
4105,A,equal_subject,shapley,8,0.14075425515499462,False
4105,A,equal_subject,leave_one_out,3,0.17178364396569998,False
4105,A,equal_subject,leave_one_out,5,0.808652839365163,False
4105,A,equal_subject,leave_one_out,6,0.0,False
4105,A,equal_subject,leave_one_out,8,0.019563516669137058,False
4105,A,equal_subject,data_size,3,0.27301841473178545,False
4105,A,equal_subject,data_size,5,0.24179343474779824,False
4105,A,equal_subject,data_size,6,0.2602081665332266,False
4105,A,equal_subject,data_size,8,0.22497998398718974,False
4105,B,sample_frequency,shapley,11,0.43346549072072854,False
4105,B,sample_frequency,shapley,14,0.0,False
4105,B,sample_frequency,shapley,16,0.0633137771389213,False
4105,B,sample_frequency,shapley,17,0.5032207321403501,False
4105,B,sample_frequency,leave_one_out,11,0.41346212729080656,False
4105,B,sample_frequency,leave_one_out,14,0.0,False
4105,B,sample_frequency,leave_one_out,16,0.0,False
4105,B,sample_frequency,leave_one_out,17,0.5865378727091934,False
4105,B,sample_frequency,data_size,11,0.23015294974508377,False
4105,B,sample_frequency,data_size,14,0.23525127458120904,False
4105,B,sample_frequency,data_size,16,0.26656955571740715,False
4105,B,sample_frequency,data_size,17,0.26802621995630005,False
4105,B,equal_class,shapley,11,0.4118597751308373,False
4105,B,equal_class,shapley,14,0.09852383421581075,False
4105,B,equal_class,shapley,16,0.1421664747417698,False
4105,B,equal_class,shapley,17,0.3474499159115821,False
4105,B,equal_class,leave_one_out,11,0.5933138649073632,False
4105,B,equal_class,leave_one_out,14,0.0,False
4105,B,equal_class,leave_one_out,16,0.0,False
4105,B,equal_class,leave_one_out,17,0.40668613509263685,False
4105,B,equal_class,data_size,11,0.23015294974508377,False
4105,B,equal_class,data_size,14,0.23525127458120904,False
4105,B,equal_class,data_size,16,0.26656955571740715,False
4105,B,equal_class,data_size,17,0.26802621995630005,False
4105,B,equal_subject,shapley,11,0.43977684101640935,False
4105,B,equal_subject,shapley,14,0.0,False
4105,B,equal_subject,shapley,16,0.06074743168099568,False
4105,B,equal_subject,shapley,17,0.499475727302595,False
4105,B,equal_subject,leave_one_out,11,0.42344801892939715,False
4105,B,equal_subject,leave_one_out,14,0.0,False
4105,B,equal_subject,leave_one_out,16,0.0,False
4105,B,equal_subject,leave_one_out,17,0.5765519810706028,False
4105,B,equal_subject,data_size,11,0.23015294974508377,False
4105,B,equal_subject,data_size,14,0.23525127458120904,False
4105,B,equal_subject,data_size,16,0.26656955571740715,False
4105,B,equal_subject,data_size,17,0.26802621995630005,False
4105,C,sample_frequency,shapley,19,0.09164480251963637,False
4105,C,sample_frequency,shapley,22,0.340901953994417,False
4105,C,sample_frequency,shapley,23,0.3006619760396957,False
4105,C,sample_frequency,shapley,25,0.266791267446251,False
4105,C,sample_frequency,leave_one_out,19,0.0,False
4105,C,sample_frequency,leave_one_out,22,0.5710194072059935,False
4105,C,sample_frequency,leave_one_out,23,0.3176758532917513,False
4105,C,sample_frequency,leave_one_out,25,0.11130473950225518,False
4105,C,sample_frequency,data_size,19,0.24623803009575923,False
4105,C,sample_frequency,data_size,22,0.21956224350205197,False
4105,C,sample_frequency,data_size,23,0.25444596443228457,False
4105,C,sample_frequency,data_size,25,0.27975376196990426,False
4105,C,equal_class,shapley,19,0.0455861498452839,False
4105,C,equal_class,shapley,22,0.25030203309044735,False
4105,C,equal_class,shapley,23,0.3390762744701749,False
4105,C,equal_class,shapley,25,0.36503554259409393,False
4105,C,equal_class,leave_one_out,19,0.0,False
4105,C,equal_class,leave_one_out,22,0.004344554480626625,False
4105,C,equal_class,leave_one_out,23,0.39860852161151167,False
4105,C,equal_class,leave_one_out,25,0.5970469239078617,False
4105,C,equal_class,data_size,19,0.24623803009575923,False
4105,C,equal_class,data_size,22,0.21956224350205197,False
4105,C,equal_class,data_size,23,0.25444596443228457,False
4105,C,equal_class,data_size,25,0.27975376196990426,False
4105,C,equal_subject,shapley,19,0.07550315770424064,False
4105,C,equal_subject,shapley,22,0.34036808180669026,False
4105,C,equal_subject,shapley,23,0.3089182680656952,False
4105,C,equal_subject,shapley,25,0.2752104924233738,False
4105,C,equal_subject,leave_one_out,19,0.0,False
4105,C,equal_subject,leave_one_out,22,0.5062671920475603,False
4105,C,equal_subject,leave_one_out,23,0.3348642882084412,False
4105,C,equal_subject,leave_one_out,25,0.15886851974399852,False
4105,C,equal_subject,data_size,19,0.24623803009575923,False
4105,C,equal_subject,data_size,22,0.21956224350205197,False
4105,C,equal_subject,data_size,23,0.25444596443228457,False
4105,C,equal_subject,data_size,25,0.27975376196990426,False
4105,D,sample_frequency,shapley,27,0.21095646712888536,False
4105,D,sample_frequency,shapley,28,0.26061430752641834,False
4105,D,sample_frequency,shapley,29,0.25132791830868956,False
4105,D,sample_frequency,shapley,30,0.2771013070360067,False
4105,D,sample_frequency,leave_one_out,27,0.0,False
4105,D,sample_frequency,leave_one_out,28,0.3778505748103588,False
4105,D,sample_frequency,leave_one_out,29,0.1796229591388652,False
4105,D,sample_frequency,leave_one_out,30,0.442526466050776,False
4105,D,sample_frequency,data_size,27,0.2531986531986532,False
4105,D,sample_frequency,data_size,28,0.2572390572390572,False
4105,D,sample_frequency,data_size,29,0.23164983164983166,False
4105,D,sample_frequency,data_size,30,0.2579124579124579,False
4105,D,equal_class,shapley,27,0.2297959631155055,False
4105,D,equal_class,shapley,28,0.22922135584427558,False
4105,D,equal_class,shapley,29,0.23090390804448654,False
4105,D,equal_class,shapley,30,0.3100787729957324,False
4105,D,equal_class,leave_one_out,27,0.0,False
4105,D,equal_class,leave_one_out,28,0.0,False
4105,D,equal_class,leave_one_out,29,0.0,False
4105,D,equal_class,leave_one_out,30,1.0,False
4105,D,equal_class,data_size,27,0.2531986531986532,False
4105,D,equal_class,data_size,28,0.2572390572390572,False
4105,D,equal_class,data_size,29,0.23164983164983166,False
4105,D,equal_class,data_size,30,0.2579124579124579,False
4105,D,equal_subject,shapley,27,0.20564767523846572,False
4105,D,equal_subject,shapley,28,0.2650038946124987,False
4105,D,equal_subject,shapley,29,0.2553172095000348,False
4105,D,equal_subject,shapley,30,0.274031220649001,False
4105,D,equal_subject,leave_one_out,27,0.0,False
4105,D,equal_subject,leave_one_out,28,0.4125626250814196,False
4105,D,equal_subject,leave_one_out,29,0.22034647113091993,False
4105,D,equal_subject,leave_one_out,30,0.36709090378766046,False
4105,D,equal_subject,data_size,27,0.2531986531986532,False
4105,D,equal_subject,data_size,28,0.2572390572390572,False
4105,D,equal_subject,data_size,29,0.23164983164983166,False
4105,D,equal_subject,data_size,30,0.2579124579124579,False
4106,A,sample_frequency,shapley,3,0.3105650410812601,False
4106,A,sample_frequency,shapley,5,0.35689150980836953,False
4106,A,sample_frequency,shapley,6,0.3325434491103705,False
4106,A,sample_frequency,shapley,8,0.0,False
4106,A,sample_frequency,leave_one_out,3,0.24810524849473747,False
4106,A,sample_frequency,leave_one_out,5,0.47520799536546776,False
4106,A,sample_frequency,leave_one_out,6,0.27668675613979477,False
4106,A,sample_frequency,leave_one_out,8,0.0,False
4106,A,sample_frequency,data_size,3,0.27301841473178545,False
4106,A,sample_frequency,data_size,5,0.24179343474779824,False
4106,A,sample_frequency,data_size,6,0.2602081665332266,False
4106,A,sample_frequency,data_size,8,0.22497998398718974,False
4106,A,equal_class,shapley,3,0.3002882170803826,False
4106,A,equal_class,shapley,5,0.3332861106475401,False
4106,A,equal_class,shapley,6,0.36642567227207723,False
4106,A,equal_class,shapley,8,0.0,False
4106,A,equal_class,leave_one_out,3,0.07447142260752128,False
4106,A,equal_class,leave_one_out,5,0.5249120312021465,False
4106,A,equal_class,leave_one_out,6,0.40061654619033227,False
4106,A,equal_class,leave_one_out,8,0.0,False
4106,A,equal_class,data_size,3,0.27301841473178545,False
4106,A,equal_class,data_size,5,0.24179343474779824,False
4106,A,equal_class,data_size,6,0.2602081665332266,False
4106,A,equal_class,data_size,8,0.22497998398718974,False
4106,A,equal_subject,shapley,3,0.3085931252830593,False
4106,A,equal_subject,shapley,5,0.3612583043893174,False
4106,A,equal_subject,shapley,6,0.3301485703276233,False
4106,A,equal_subject,shapley,8,0.0,False
4106,A,equal_subject,leave_one_out,3,0.2467200841030337,False
4106,A,equal_subject,leave_one_out,5,0.48126696471778324,False
4106,A,equal_subject,leave_one_out,6,0.27201295117918306,False
4106,A,equal_subject,leave_one_out,8,0.0,False
4106,A,equal_subject,data_size,3,0.27301841473178545,False
4106,A,equal_subject,data_size,5,0.24179343474779824,False
4106,A,equal_subject,data_size,6,0.2602081665332266,False
4106,A,equal_subject,data_size,8,0.22497998398718974,False
4106,B,sample_frequency,shapley,11,0.35723361266817033,False
4106,B,sample_frequency,shapley,14,0.13933124587823725,False
4106,B,sample_frequency,shapley,16,0.1313059103940399,False
4106,B,sample_frequency,shapley,17,0.37212923105955253,False
4106,B,sample_frequency,leave_one_out,11,0.58992388254118,False
4106,B,sample_frequency,leave_one_out,14,0.0,False
4106,B,sample_frequency,leave_one_out,16,0.0,False
4106,B,sample_frequency,leave_one_out,17,0.41007611745882,False
4106,B,sample_frequency,data_size,11,0.23015294974508377,False
4106,B,sample_frequency,data_size,14,0.23525127458120904,False
4106,B,sample_frequency,data_size,16,0.26656955571740715,False
4106,B,sample_frequency,data_size,17,0.26802621995630005,False
4106,B,equal_class,shapley,11,0.47795370585722896,False
4106,B,equal_class,shapley,14,0.1636245802010834,False
4106,B,equal_class,shapley,16,0.08067250058086911,False
4106,B,equal_class,shapley,17,0.27774921336081865,False
4106,B,equal_class,leave_one_out,11,0.8936105071979471,False
4106,B,equal_class,leave_one_out,14,0.0,False
4106,B,equal_class,leave_one_out,16,0.0,False
4106,B,equal_class,leave_one_out,17,0.10638949280205291,False
4106,B,equal_class,data_size,11,0.23015294974508377,False
4106,B,equal_class,data_size,14,0.23525127458120904,False
4106,B,equal_class,data_size,16,0.26656955571740715,False
4106,B,equal_class,data_size,17,0.26802621995630005,False
4106,B,equal_subject,shapley,11,0.34884811683936945,False
4106,B,equal_subject,shapley,14,0.1337433381501634,False
4106,B,equal_subject,shapley,16,0.14206012256832984,False
4106,B,equal_subject,shapley,17,0.37534842244213734,False
4106,B,equal_subject,leave_one_out,11,0.5755749604461052,False
4106,B,equal_subject,leave_one_out,14,0.0,False
4106,B,equal_subject,leave_one_out,16,0.0,False
4106,B,equal_subject,leave_one_out,17,0.4244250395538947,False
4106,B,equal_subject,data_size,11,0.23015294974508377,False
4106,B,equal_subject,data_size,14,0.23525127458120904,False
4106,B,equal_subject,data_size,16,0.26656955571740715,False
4106,B,equal_subject,data_size,17,0.26802621995630005,False
4106,C,sample_frequency,shapley,19,0.09014906597860495,False
4106,C,sample_frequency,shapley,22,0.3277248032198254,False
4106,C,sample_frequency,shapley,23,0.2857765523525344,False
4106,C,sample_frequency,shapley,25,0.2963495784490352,False
4106,C,sample_frequency,leave_one_out,19,0.0,False
4106,C,sample_frequency,leave_one_out,22,0.4396374482429813,False
4106,C,sample_frequency,leave_one_out,23,0.23341899142002348,False
4106,C,sample_frequency,leave_one_out,25,0.32694356033699523,False
4106,C,sample_frequency,data_size,19,0.24623803009575923,False
4106,C,sample_frequency,data_size,22,0.21956224350205197,False
4106,C,sample_frequency,data_size,23,0.25444596443228457,False
4106,C,sample_frequency,data_size,25,0.27975376196990426,False
4106,C,equal_class,shapley,19,0.034715225779664724,False
4106,C,equal_class,shapley,22,0.3294614022625565,False
4106,C,equal_class,shapley,23,0.2967211050389778,False
4106,C,equal_class,shapley,25,0.3391022669188011,False
4106,C,equal_class,leave_one_out,19,0.0,False
4106,C,equal_class,leave_one_out,22,0.34682690474275385,False
4106,C,equal_class,leave_one_out,23,0.21754172332015512,False
4106,C,equal_class,leave_one_out,25,0.435631371937091,False
4106,C,equal_class,data_size,19,0.24623803009575923,False
4106,C,equal_class,data_size,22,0.21956224350205197,False
4106,C,equal_class,data_size,23,0.25444596443228457,False
4106,C,equal_class,data_size,25,0.27975376196990426,False
4106,C,equal_subject,shapley,19,0.0858630896747468,False
4106,C,equal_subject,shapley,22,0.3189530675107345,False
4106,C,equal_subject,shapley,23,0.29846215034407486,False
4106,C,equal_subject,shapley,25,0.2967216924704439,False
4106,C,equal_subject,leave_one_out,19,0.0,False
4106,C,equal_subject,leave_one_out,22,0.38526159882920874,False
4106,C,equal_subject,leave_one_out,23,0.2936197593275659,False
4106,C,equal_subject,leave_one_out,25,0.32111864184322536,False
4106,C,equal_subject,data_size,19,0.24623803009575923,False
4106,C,equal_subject,data_size,22,0.21956224350205197,False
4106,C,equal_subject,data_size,23,0.25444596443228457,False
4106,C,equal_subject,data_size,25,0.27975376196990426,False
4106,D,sample_frequency,shapley,27,0.33859620646329847,False
4106,D,sample_frequency,shapley,28,0.009511841966056178,False
4106,D,sample_frequency,shapley,29,0.3132935775661477,False
4106,D,sample_frequency,shapley,30,0.33859837400449766,False
4106,D,sample_frequency,leave_one_out,27,0.6098057315787117,False
4106,D,sample_frequency,leave_one_out,28,0.0,False
4106,D,sample_frequency,leave_one_out,29,0.17645765991652915,False
4106,D,sample_frequency,leave_one_out,30,0.2137366085047592,False
4106,D,sample_frequency,data_size,27,0.2531986531986532,False
4106,D,sample_frequency,data_size,28,0.2572390572390572,False
4106,D,sample_frequency,data_size,29,0.23164983164983166,False
4106,D,sample_frequency,data_size,30,0.2579124579124579,False
4106,D,equal_class,shapley,27,0.20934060262273935,False
4106,D,equal_class,shapley,28,0.15901631086236587,False
4106,D,equal_class,shapley,29,0.27054441137907576,False
4106,D,equal_class,shapley,30,0.36109867513581895,False
4106,D,equal_class,leave_one_out,27,0.1440343667042567,False
4106,D,equal_class,leave_one_out,28,0.39032317374430475,False
4106,D,equal_class,leave_one_out,29,0.017883752849762673,False
4106,D,equal_class,leave_one_out,30,0.44775870670167583,False
4106,D,equal_class,data_size,27,0.2531986531986532,False
4106,D,equal_class,data_size,28,0.2572390572390572,False
4106,D,equal_class,data_size,29,0.23164983164983166,False
4106,D,equal_class,data_size,30,0.2579124579124579,False
4106,D,equal_subject,shapley,27,0.3447708381260473,False
4106,D,equal_subject,shapley,28,0.0,False
4106,D,equal_subject,shapley,29,0.3189557876567011,False
4106,D,equal_subject,shapley,30,0.3362733742172516,False
4106,D,equal_subject,leave_one_out,27,0.6142838344069798,False
4106,D,equal_subject,leave_one_out,28,0.0,False
4106,D,equal_subject,leave_one_out,29,0.1902611510618035,False
4106,D,equal_subject,leave_one_out,30,0.19545501453121675,False
4106,D,equal_subject,data_size,27,0.2531986531986532,False
4106,D,equal_subject,data_size,28,0.2572390572390572,False
4106,D,equal_subject,data_size,29,0.23164983164983166,False
4106,D,equal_subject,data_size,30,0.2579124579124579,False
4107,A,sample_frequency,shapley,3,0.36378860683657693,False
4107,A,sample_frequency,shapley,5,0.0,False
4107,A,sample_frequency,shapley,6,0.3475153599352409,False
4107,A,sample_frequency,shapley,8,0.28869603322818216,False
4107,A,sample_frequency,leave_one_out,3,0.6379102442402104,False
4107,A,sample_frequency,leave_one_out,5,0.0,False
4107,A,sample_frequency,leave_one_out,6,0.25281111128190237,False
4107,A,sample_frequency,leave_one_out,8,0.10927864447788724,False
4107,A,sample_frequency,data_size,3,0.27301841473178545,False
4107,A,sample_frequency,data_size,5,0.24179343474779824,False
4107,A,sample_frequency,data_size,6,0.2602081665332266,False
4107,A,sample_frequency,data_size,8,0.22497998398718974,False
4107,A,equal_class,shapley,3,0.41280073855610877,False
4107,A,equal_class,shapley,5,0.0,False
4107,A,equal_class,shapley,6,0.28098725170823874,False
4107,A,equal_class,shapley,8,0.3062120097356525,False
4107,A,equal_class,leave_one_out,3,0.6925156886262489,False
4107,A,equal_class,leave_one_out,5,0.0,False
4107,A,equal_class,leave_one_out,6,0.11654880292676321,False
4107,A,equal_class,leave_one_out,8,0.1909355084469879,False
4107,A,equal_class,data_size,3,0.27301841473178545,False
4107,A,equal_class,data_size,5,0.24179343474779824,False
4107,A,equal_class,data_size,6,0.2602081665332266,False
4107,A,equal_class,data_size,8,0.22497998398718974,False
4107,A,equal_subject,shapley,3,0.3620566423839394,False
4107,A,equal_subject,shapley,5,0.0,False
4107,A,equal_subject,shapley,6,0.3530850447209213,False
4107,A,equal_subject,shapley,8,0.2848583128951393,False
4107,A,equal_subject,leave_one_out,3,0.6381338946245588,False
4107,A,equal_subject,leave_one_out,5,0.0,False
4107,A,equal_subject,leave_one_out,6,0.2668806844148522,False
4107,A,equal_subject,leave_one_out,8,0.09498542096058901,False
4107,A,equal_subject,data_size,3,0.27301841473178545,False
4107,A,equal_subject,data_size,5,0.24179343474779824,False
4107,A,equal_subject,data_size,6,0.2602081665332266,False
4107,A,equal_subject,data_size,8,0.22497998398718974,False
4107,B,sample_frequency,shapley,11,0.4342854523205805,False
4107,B,sample_frequency,shapley,14,0.0,False
4107,B,sample_frequency,shapley,16,0.10282559413377323,False
4107,B,sample_frequency,shapley,17,0.4628889535456463,False
4107,B,sample_frequency,leave_one_out,11,0.4204529266251339,False
4107,B,sample_frequency,leave_one_out,14,0.0,False
4107,B,sample_frequency,leave_one_out,16,0.0,False
4107,B,sample_frequency,leave_one_out,17,0.5795470733748661,False
4107,B,sample_frequency,data_size,11,0.23015294974508377,False
4107,B,sample_frequency,data_size,14,0.23525127458120904,False
4107,B,sample_frequency,data_size,16,0.26656955571740715,False
4107,B,sample_frequency,data_size,17,0.26802621995630005,False
4107,B,equal_class,shapley,11,0.4402928024869875,False
4107,B,equal_class,shapley,14,0.0,False
4107,B,equal_class,shapley,16,0.19343142881803965,False
4107,B,equal_class,shapley,17,0.36627576869497286,False
4107,B,equal_class,leave_one_out,11,0.5359460030392141,False
4107,B,equal_class,leave_one_out,14,0.0,False
4107,B,equal_class,leave_one_out,16,0.0,False
4107,B,equal_class,leave_one_out,17,0.46405399696078586,False
4107,B,equal_class,data_size,11,0.23015294974508377,False
4107,B,equal_class,data_size,14,0.23525127458120904,False
4107,B,equal_class,data_size,16,0.26656955571740715,False
4107,B,equal_class,data_size,17,0.26802621995630005,False
4107,B,equal_subject,shapley,11,0.44117651196530505,False
4107,B,equal_subject,shapley,14,0.0,False
4107,B,equal_subject,shapley,16,0.09985969510040389,False
4107,B,equal_subject,shapley,17,0.458963792934291,False
4107,B,equal_subject,leave_one_out,11,0.43124115967906185,False
4107,B,equal_subject,leave_one_out,14,0.0,False
4107,B,equal_subject,leave_one_out,16,0.0,False
4107,B,equal_subject,leave_one_out,17,0.5687588403209382,False
4107,B,equal_subject,data_size,11,0.23015294974508377,False
4107,B,equal_subject,data_size,14,0.23525127458120904,False
4107,B,equal_subject,data_size,16,0.26656955571740715,False
4107,B,equal_subject,data_size,17,0.26802621995630005,False
4107,C,sample_frequency,shapley,19,0.18855498615097274,False
4107,C,sample_frequency,shapley,22,0.31278761107346514,False
4107,C,sample_frequency,shapley,23,0.3166330863447978,False
4107,C,sample_frequency,shapley,25,0.1820243164307644,False
4107,C,sample_frequency,leave_one_out,19,0.14612578323593697,False
4107,C,sample_frequency,leave_one_out,22,0.27602073103385927,False
4107,C,sample_frequency,leave_one_out,23,0.5778534857302038,False
4107,C,sample_frequency,leave_one_out,25,0.0,False
4107,C,sample_frequency,data_size,19,0.24623803009575923,False
4107,C,sample_frequency,data_size,22,0.21956224350205197,False
4107,C,sample_frequency,data_size,23,0.25444596443228457,False
4107,C,sample_frequency,data_size,25,0.27975376196990426,False
4107,C,equal_class,shapley,19,0.12667712584772628,False
4107,C,equal_class,shapley,22,0.269765310034054,False
4107,C,equal_class,shapley,23,0.34128538987968077,False
4107,C,equal_class,shapley,25,0.262272174238539,False
4107,C,equal_class,leave_one_out,19,0.0,False
4107,C,equal_class,leave_one_out,22,0.0,False
4107,C,equal_class,leave_one_out,23,0.5929941423155214,False
4107,C,equal_class,leave_one_out,25,0.40700585768447856,False
4107,C,equal_class,data_size,19,0.24623803009575923,False
4107,C,equal_class,data_size,22,0.21956224350205197,False
4107,C,equal_class,data_size,23,0.25444596443228457,False
4107,C,equal_class,data_size,25,0.27975376196990426,False
4107,C,equal_subject,shapley,19,0.17833832853902584,False
4107,C,equal_subject,shapley,22,0.3124841578695994,False
4107,C,equal_subject,shapley,23,0.322901290019645,False
4107,C,equal_subject,shapley,25,0.18627622357172968,False
4107,C,equal_subject,leave_one_out,19,0.06781897068292583,False
4107,C,equal_subject,leave_one_out,22,0.283623028771638,False
4107,C,equal_subject,leave_one_out,23,0.6485580005454362,False
4107,C,equal_subject,leave_one_out,25,0.0,False
4107,C,equal_subject,data_size,19,0.24623803009575923,False
4107,C,equal_subject,data_size,22,0.21956224350205197,False
4107,C,equal_subject,data_size,23,0.25444596443228457,False
4107,C,equal_subject,data_size,25,0.27975376196990426,False
4107,D,sample_frequency,shapley,27,0.28833153360901725,False
4107,D,sample_frequency,shapley,28,0.15816512392755028,False
4107,D,sample_frequency,shapley,29,0.2882335102362731,False
4107,D,sample_frequency,shapley,30,0.2652698322271594,False
4107,D,sample_frequency,leave_one_out,27,0.1850693265606453,False
4107,D,sample_frequency,leave_one_out,28,0.0,False
4107,D,sample_frequency,leave_one_out,29,0.5956962061343083,False
4107,D,sample_frequency,leave_one_out,30,0.21923446730504637,False
4107,D,sample_frequency,data_size,27,0.2531986531986532,False
4107,D,sample_frequency,data_size,28,0.2572390572390572,False
4107,D,sample_frequency,data_size,29,0.23164983164983166,False
4107,D,sample_frequency,data_size,30,0.2579124579124579,False
4107,D,equal_class,shapley,27,0.2935438475118715,False
4107,D,equal_class,shapley,28,0.1474090156787724,False
4107,D,equal_class,shapley,29,0.22381209773587563,False
4107,D,equal_class,shapley,30,0.3352350390734805,False
4107,D,equal_class,leave_one_out,27,0.17135232413272808,False
4107,D,equal_class,leave_one_out,28,0.0,False
4107,D,equal_class,leave_one_out,29,0.19174000047110976,False
4107,D,equal_class,leave_one_out,30,0.6369076753961622,False
4107,D,equal_class,data_size,27,0.2531986531986532,False
4107,D,equal_class,data_size,28,0.2572390572390572,False
4107,D,equal_class,data_size,29,0.23164983164983166,False
4107,D,equal_class,data_size,30,0.2579124579124579,False
4107,D,equal_subject,shapley,27,0.2856462802418986,False
4107,D,equal_subject,shapley,28,0.15683706433447556,False
4107,D,equal_subject,shapley,29,0.297819210229362,False
4107,D,equal_subject,shapley,30,0.25969744519426385,False
4107,D,equal_subject,leave_one_out,27,0.16535053625189963,False
4107,D,equal_subject,leave_one_out,28,0.0,False
4107,D,equal_subject,leave_one_out,29,0.6553507735963441,False
4107,D,equal_subject,leave_one_out,30,0.17929869015175626,False
4107,D,equal_subject,data_size,27,0.2531986531986532,False
4107,D,equal_subject,data_size,28,0.2572390572390572,False
4107,D,equal_subject,data_size,29,0.23164983164983166,False
4107,D,equal_subject,data_size,30,0.2579124579124579,False
4108,A,sample_frequency,shapley,3,0.2475188163291479,False
4108,A,sample_frequency,shapley,5,0.24609172714506083,False
4108,A,sample_frequency,shapley,6,0.31537744584756355,False
4108,A,sample_frequency,shapley,8,0.19101201067822768,False
4108,A,sample_frequency,leave_one_out,3,0.007511644732591607,False
4108,A,sample_frequency,leave_one_out,5,0.0,False
4108,A,sample_frequency,leave_one_out,6,0.6486971783041471,False
4108,A,sample_frequency,leave_one_out,8,0.3437911769632613,False
4108,A,sample_frequency,data_size,3,0.27301841473178545,False
4108,A,sample_frequency,data_size,5,0.24179343474779824,False
4108,A,sample_frequency,data_size,6,0.2602081665332266,False
4108,A,sample_frequency,data_size,8,0.22497998398718974,False
4108,A,equal_class,shapley,3,0.4025925934462666,False
4108,A,equal_class,shapley,5,0.18321469429341766,False
4108,A,equal_class,shapley,6,0.4141927122603158,False
4108,A,equal_class,shapley,8,0.0,False
4108,A,equal_class,leave_one_out,3,0.47178957476740585,False
4108,A,equal_class,leave_one_out,5,0.0,False
4108,A,equal_class,leave_one_out,6,0.5282104252325941,False
4108,A,equal_class,leave_one_out,8,0.0,False
4108,A,equal_class,data_size,3,0.27301841473178545,False
4108,A,equal_class,data_size,5,0.24179343474779824,False
4108,A,equal_class,data_size,6,0.2602081665332266,False
4108,A,equal_class,data_size,8,0.22497998398718974,False
4108,A,equal_subject,shapley,3,0.2458718036804242,False
4108,A,equal_subject,shapley,5,0.25339354984948975,False
4108,A,equal_subject,shapley,6,0.3205839541979178,False
4108,A,equal_subject,shapley,8,0.18015069227216823,False
4108,A,equal_subject,leave_one_out,3,0.0,False
4108,A,equal_subject,leave_one_out,5,0.0,False
4108,A,equal_subject,leave_one_out,6,0.715971163903098,False
4108,A,equal_subject,leave_one_out,8,0.28402883609690194,False
4108,A,equal_subject,data_size,3,0.27301841473178545,False
4108,A,equal_subject,data_size,5,0.24179343474779824,False
4108,A,equal_subject,data_size,6,0.2602081665332266,False
4108,A,equal_subject,data_size,8,0.22497998398718974,False
4108,B,sample_frequency,shapley,11,0.23053326989913014,False
4108,B,sample_frequency,shapley,14,0.2590535926044253,False
4108,B,sample_frequency,shapley,16,0.1393741541530463,False
4108,B,sample_frequency,shapley,17,0.3710389833433981,False
4108,B,sample_frequency,leave_one_out,11,0.3437192840933897,False
4108,B,sample_frequency,leave_one_out,14,0.18630491064092147,False
4108,B,sample_frequency,leave_one_out,16,0.0,False
4108,B,sample_frequency,leave_one_out,17,0.46997580526568883,False
4108,B,sample_frequency,data_size,11,0.23015294974508377,False
4108,B,sample_frequency,data_size,14,0.23525127458120904,False
4108,B,sample_frequency,data_size,16,0.26656955571740715,False
4108,B,sample_frequency,data_size,17,0.26802621995630005,False
4108,B,equal_class,shapley,11,0.3144598219449476,False
4108,B,equal_class,shapley,14,0.21185961179205962,False
4108,B,equal_class,shapley,16,0.24429830958472148,False
4108,B,equal_class,shapley,17,0.2293822566782714,False
4108,B,equal_class,leave_one_out,11,0.9430828641881115,False
4108,B,equal_class,leave_one_out,14,0.05691713581188856,False
4108,B,equal_class,leave_one_out,16,0.0,False
4108,B,equal_class,leave_one_out,17,0.0,False
4108,B,equal_class,data_size,11,0.23015294974508377,False
4108,B,equal_class,data_size,14,0.23525127458120904,False
4108,B,equal_class,data_size,16,0.26656955571740715,False
4108,B,equal_class,data_size,17,0.26802621995630005,False
4108,B,equal_subject,shapley,11,0.23555250285308293,False
4108,B,equal_subject,shapley,14,0.24905434216175884,False
4108,B,equal_subject,shapley,16,0.1447013874350742,False
4108,B,equal_subject,shapley,17,0.370691767550084,False
4108,B,equal_subject,leave_one_out,11,0.36973793688791995,False
4108,B,equal_subject,leave_one_out,14,0.15453650853781567,False
4108,B,equal_subject,leave_one_out,16,0.0,False
4108,B,equal_subject,leave_one_out,17,0.47572555457426435,False
4108,B,equal_subject,data_size,11,0.23015294974508377,False
4108,B,equal_subject,data_size,14,0.23525127458120904,False
4108,B,equal_subject,data_size,16,0.26656955571740715,False
4108,B,equal_subject,data_size,17,0.26802621995630005,False
4108,C,sample_frequency,shapley,19,0.023172023613444618,False
4108,C,sample_frequency,shapley,22,0.35640726704683756,False
4108,C,sample_frequency,shapley,23,0.29327393051561823,False
4108,C,sample_frequency,shapley,25,0.3271467788240996,False
4108,C,sample_frequency,leave_one_out,19,0.0,False
4108,C,sample_frequency,leave_one_out,22,0.1920140665262747,False
4108,C,sample_frequency,leave_one_out,23,0.3078117476763271,False
4108,C,sample_frequency,leave_one_out,25,0.5001741857973983,False
4108,C,sample_frequency,data_size,19,0.24623803009575923,False
4108,C,sample_frequency,data_size,22,0.21956224350205197,False
4108,C,sample_frequency,data_size,23,0.25444596443228457,False
4108,C,sample_frequency,data_size,25,0.27975376196990426,False
4108,C,equal_class,shapley,19,0.0,False
4108,C,equal_class,shapley,22,0.33765088437038826,False
4108,C,equal_class,shapley,23,0.21858804940348472,False
4108,C,equal_class,shapley,25,0.4437610662261271,False
4108,C,equal_class,leave_one_out,19,0.0,False
4108,C,equal_class,leave_one_out,22,0.1174911494522173,False
4108,C,equal_class,leave_one_out,23,0.07159524882196588,False
4108,C,equal_class,leave_one_out,25,0.8109136017258168,False
4108,C,equal_class,data_size,19,0.24623803009575923,False
4108,C,equal_class,data_size,22,0.21956224350205197,False
4108,C,equal_class,data_size,23,0.25444596443228457,False
4108,C,equal_class,data_size,25,0.27975376196990426,False
4108,C,equal_subject,shapley,19,0.0,False
4108,C,equal_subject,shapley,22,0.35694291332142997,False
4108,C,equal_subject,shapley,23,0.3019295224516476,False
4108,C,equal_subject,shapley,25,0.3411275642269224,False
4108,C,equal_subject,leave_one_out,19,0.0,False
4108,C,equal_subject,leave_one_out,22,0.17524574933833595,False
4108,C,equal_subject,leave_one_out,23,0.31330657034632226,False
4108,C,equal_subject,leave_one_out,25,0.5114476803153418,False
4108,C,equal_subject,data_size,19,0.24623803009575923,False
4108,C,equal_subject,data_size,22,0.21956224350205197,False
4108,C,equal_subject,data_size,23,0.25444596443228457,False
4108,C,equal_subject,data_size,25,0.27975376196990426,False
4108,D,sample_frequency,shapley,27,0.2693503955949823,False
4108,D,sample_frequency,shapley,28,0.203029643280434,False
4108,D,sample_frequency,shapley,29,0.2300092576050745,False
4108,D,sample_frequency,shapley,30,0.29761070351950925,False
4108,D,sample_frequency,leave_one_out,27,0.24611678605799656,False
4108,D,sample_frequency,leave_one_out,28,0.0,False
4108,D,sample_frequency,leave_one_out,29,0.07549433154209836,False
4108,D,sample_frequency,leave_one_out,30,0.678388882399905,False
4108,D,sample_frequency,data_size,27,0.2531986531986532,False
4108,D,sample_frequency,data_size,28,0.2572390572390572,False
4108,D,sample_frequency,data_size,29,0.23164983164983166,False
4108,D,sample_frequency,data_size,30,0.2579124579124579,False
4108,D,equal_class,shapley,27,0.29192622701543514,False
4108,D,equal_class,shapley,28,0.11006942547999723,False
4108,D,equal_class,shapley,29,0.315605312078179,False
4108,D,equal_class,shapley,30,0.28239903542638867,False
4108,D,equal_class,leave_one_out,27,0.24484500351824248,False
4108,D,equal_class,leave_one_out,28,0.0,False
4108,D,equal_class,leave_one_out,29,0.5660546794093639,False
4108,D,equal_class,leave_one_out,30,0.1891003170723936,False
4108,D,equal_class,data_size,27,0.2531986531986532,False
4108,D,equal_class,data_size,28,0.2572390572390572,False
4108,D,equal_class,data_size,29,0.23164983164983166,False
4108,D,equal_class,data_size,30,0.2579124579124579,False
4108,D,equal_subject,shapley,27,0.2652311432119322,False
4108,D,equal_subject,shapley,28,0.20303675991128095,False
4108,D,equal_subject,shapley,29,0.2380208454517305,False
4108,D,equal_subject,shapley,30,0.29371125142505633,False
4108,D,equal_subject,leave_one_out,27,0.18480500798085567,False
4108,D,equal_subject,leave_one_out,28,0.0,False
4108,D,equal_subject,leave_one_out,29,0.19343117678565108,False
4108,D,equal_subject,leave_one_out,30,0.6217638152334932,False
4108,D,equal_subject,data_size,27,0.2531986531986532,False
4108,D,equal_subject,data_size,28,0.2572390572390572,False
4108,D,equal_subject,data_size,29,0.23164983164983166,False
4108,D,equal_subject,data_size,30,0.2579124579124579,False
4109,A,sample_frequency,shapley,3,0.23730320494742108,False
4109,A,sample_frequency,shapley,5,0.09064975188512217,False
4109,A,sample_frequency,shapley,6,0.26742530078856735,False
4109,A,sample_frequency,shapley,8,0.4046217423788895,False
4109,A,sample_frequency,leave_one_out,3,0.0,False
4109,A,sample_frequency,leave_one_out,5,0.0,False
4109,A,sample_frequency,leave_one_out,6,0.040458232140040615,False
4109,A,sample_frequency,leave_one_out,8,0.9595417678599594,False
4109,A,sample_frequency,data_size,3,0.27301841473178545,False
4109,A,sample_frequency,data_size,5,0.24179343474779824,False
4109,A,sample_frequency,data_size,6,0.2602081665332266,False
4109,A,sample_frequency,data_size,8,0.22497998398718974,False
4109,A,equal_class,shapley,3,0.31949440356855374,False
4109,A,equal_class,shapley,5,0.0,False
4109,A,equal_class,shapley,6,0.39195692305465757,False
4109,A,equal_class,shapley,8,0.2885486733767887,False
4109,A,equal_class,leave_one_out,3,0.10684373838796057,False
4109,A,equal_class,leave_one_out,5,0.0,False
4109,A,equal_class,leave_one_out,6,0.3985032013982184,False
4109,A,equal_class,leave_one_out,8,0.49465306021382105,False
4109,A,equal_class,data_size,3,0.27301841473178545,False
4109,A,equal_class,data_size,5,0.24179343474779824,False
4109,A,equal_class,data_size,6,0.2602081665332266,False
4109,A,equal_class,data_size,8,0.22497998398718974,False
4109,A,equal_subject,shapley,3,0.2351965655225499,False
4109,A,equal_subject,shapley,5,0.08886415722364839,False
4109,A,equal_subject,shapley,6,0.26838097632610575,False
4109,A,equal_subject,shapley,8,0.407558300927696,False
4109,A,equal_subject,leave_one_out,3,0.0,False
4109,A,equal_subject,leave_one_out,5,0.0,False
4109,A,equal_subject,leave_one_out,6,0.04319420057635867,False
4109,A,equal_subject,leave_one_out,8,0.9568057994236413,False
4109,A,equal_subject,data_size,3,0.27301841473178545,False
4109,A,equal_subject,data_size,5,0.24179343474779824,False
4109,A,equal_subject,data_size,6,0.2602081665332266,False
4109,A,equal_subject,data_size,8,0.22497998398718974,False
4109,B,sample_frequency,shapley,11,0.450194281776735,False
4109,B,sample_frequency,shapley,14,0.0,False
4109,B,sample_frequency,shapley,16,0.06570314544209922,False
4109,B,sample_frequency,shapley,17,0.48410257278116575,False
4109,B,sample_frequency,leave_one_out,11,0.5803026320616476,False
4109,B,sample_frequency,leave_one_out,14,0.0,False
4109,B,sample_frequency,leave_one_out,16,0.0,False
4109,B,sample_frequency,leave_one_out,17,0.41969736793835244,False
4109,B,sample_frequency,data_size,11,0.23015294974508377,False
4109,B,sample_frequency,data_size,14,0.23525127458120904,False
4109,B,sample_frequency,data_size,16,0.26656955571740715,False
4109,B,sample_frequency,data_size,17,0.26802621995630005,False
4109,B,equal_class,shapley,11,0.4304309149584921,False
4109,B,equal_class,shapley,14,0.0,False
4109,B,equal_class,shapley,16,0.16778626374025937,False
4109,B,equal_class,shapley,17,0.4017828213012485,False
4109,B,equal_class,leave_one_out,11,0.7173568454182296,False
4109,B,equal_class,leave_one_out,14,0.0,False
4109,B,equal_class,leave_one_out,16,0.0,False
4109,B,equal_class,leave_one_out,17,0.2826431545817704,False
4109,B,equal_class,data_size,11,0.23015294974508377,False
4109,B,equal_class,data_size,14,0.23525127458120904,False
4109,B,equal_class,data_size,16,0.26656955571740715,False
4109,B,equal_class,data_size,17,0.26802621995630005,False
4109,B,equal_subject,shapley,11,0.4476346314703407,False
4109,B,equal_subject,shapley,14,0.0,False
4109,B,equal_subject,shapley,16,0.07080141238329511,False
4109,B,equal_subject,shapley,17,0.48156395614636416,False
4109,B,equal_subject,leave_one_out,11,0.5806835063668061,False
4109,B,equal_subject,leave_one_out,14,0.0,False
4109,B,equal_subject,leave_one_out,16,0.0,False
4109,B,equal_subject,leave_one_out,17,0.41931649363319395,False
4109,B,equal_subject,data_size,11,0.23015294974508377,False
4109,B,equal_subject,data_size,14,0.23525127458120904,False
4109,B,equal_subject,data_size,16,0.26656955571740715,False
4109,B,equal_subject,data_size,17,0.26802621995630005,False
4109,C,sample_frequency,shapley,19,0.16772197066976485,False
4109,C,sample_frequency,shapley,22,0.3529618346811978,False
4109,C,sample_frequency,shapley,23,0.2709187922200784,False
4109,C,sample_frequency,shapley,25,0.2083974024289589,False
4109,C,sample_frequency,leave_one_out,19,0.2923692684568614,False
4109,C,sample_frequency,leave_one_out,22,0.42063201340502615,False
4109,C,sample_frequency,leave_one_out,23,0.2869987181381124,False
4109,C,sample_frequency,leave_one_out,25,0.0,False
4109,C,sample_frequency,data_size,19,0.24623803009575923,False
4109,C,sample_frequency,data_size,22,0.21956224350205197,False
4109,C,sample_frequency,data_size,23,0.25444596443228457,False
4109,C,sample_frequency,data_size,25,0.27975376196990426,False
4109,C,equal_class,shapley,19,0.13740778504633708,False
4109,C,equal_class,shapley,22,0.2685315958604706,False
4109,C,equal_class,shapley,23,0.3711659322515312,False
4109,C,equal_class,shapley,25,0.22289468684166114,False
4109,C,equal_class,leave_one_out,19,0.07957368531695048,False
4109,C,equal_class,leave_one_out,22,0.022601589176365462,False
4109,C,equal_class,leave_one_out,23,0.897824725506684,False
4109,C,equal_class,leave_one_out,25,0.0,False
4109,C,equal_class,data_size,19,0.24623803009575923,False
4109,C,equal_class,data_size,22,0.21956224350205197,False
4109,C,equal_class,data_size,23,0.25444596443228457,False
4109,C,equal_class,data_size,25,0.27975376196990426,False
4109,C,equal_subject,shapley,19,0.1584912893456688,False
4109,C,equal_subject,shapley,22,0.3514005290886626,False
4109,C,equal_subject,shapley,23,0.28190326463562443,False
4109,C,equal_subject,shapley,25,0.2082049169300442,False
4109,C,equal_subject,leave_one_out,19,0.23266333618100563,False
4109,C,equal_subject,leave_one_out,22,0.4160653406584662,False
4109,C,equal_subject,leave_one_out,23,0.3512713231605282,False
4109,C,equal_subject,leave_one_out,25,0.0,False
4109,C,equal_subject,data_size,19,0.24623803009575923,False
4109,C,equal_subject,data_size,22,0.21956224350205197,False
4109,C,equal_subject,data_size,23,0.25444596443228457,False
4109,C,equal_subject,data_size,25,0.27975376196990426,False
4109,D,sample_frequency,shapley,27,0.20126603722828615,False
4109,D,sample_frequency,shapley,28,0.06815914986976793,False
4109,D,sample_frequency,shapley,29,0.2852081078785653,False
4109,D,sample_frequency,shapley,30,0.4453667050233806,False
4109,D,sample_frequency,leave_one_out,27,0.0,False
4109,D,sample_frequency,leave_one_out,28,0.0,False
4109,D,sample_frequency,leave_one_out,29,0.11115051625440138,False
4109,D,sample_frequency,leave_one_out,30,0.8888494837455986,False
4109,D,sample_frequency,data_size,27,0.2531986531986532,False
4109,D,sample_frequency,data_size,28,0.2572390572390572,False
4109,D,sample_frequency,data_size,29,0.23164983164983166,False
4109,D,sample_frequency,data_size,30,0.2579124579124579,False
4109,D,equal_class,shapley,27,0.3026185625225697,False
4109,D,equal_class,shapley,28,0.10703502085821422,False
4109,D,equal_class,shapley,29,0.31117814157827023,False
4109,D,equal_class,shapley,30,0.2791682750409458,False
4109,D,equal_class,leave_one_out,27,0.23099078321810887,False
4109,D,equal_class,leave_one_out,28,0.0,False
4109,D,equal_class,leave_one_out,29,0.2599936621349962,False
4109,D,equal_class,leave_one_out,30,0.509015554646895,False
4109,D,equal_class,data_size,27,0.2531986531986532,False
4109,D,equal_class,data_size,28,0.2572390572390572,False
4109,D,equal_class,data_size,29,0.23164983164983166,False
4109,D,equal_class,data_size,30,0.2579124579124579,False
4109,D,equal_subject,shapley,27,0.1967441430803053,False
4109,D,equal_subject,shapley,28,0.0679527436456338,False
4109,D,equal_subject,shapley,29,0.28759300308929997,False
4109,D,equal_subject,shapley,30,0.4477101101847609,False
4109,D,equal_subject,leave_one_out,27,0.0,False
4109,D,equal_subject,leave_one_out,28,0.0,False
4109,D,equal_subject,leave_one_out,29,0.1164755702201065,False
4109,D,equal_subject,leave_one_out,30,0.8835244297798935,False
4109,D,equal_subject,data_size,27,0.2531986531986532,False
4109,D,equal_subject,data_size,28,0.2572390572390572,False
4109,D,equal_subject,data_size,29,0.23164983164983166,False
4109,D,equal_subject,data_size,30,0.2579124579124579,False
4110,A,sample_frequency,shapley,3,0.2613015032228035,False
4110,A,sample_frequency,shapley,5,0.15709691743146564,False
4110,A,sample_frequency,shapley,6,0.44251739738794765,False
4110,A,sample_frequency,shapley,8,0.13908418195778327,False
4110,A,sample_frequency,leave_one_out,3,0.0,False
4110,A,sample_frequency,leave_one_out,5,0.0,False
4110,A,sample_frequency,leave_one_out,6,0.40446395377523814,False
4110,A,sample_frequency,leave_one_out,8,0.5955360462247619,False
4110,A,sample_frequency,data_size,3,0.27301841473178545,False
4110,A,sample_frequency,data_size,5,0.24179343474779824,False
4110,A,sample_frequency,data_size,6,0.2602081665332266,False
4110,A,sample_frequency,data_size,8,0.22497998398718974,False
4110,A,equal_class,shapley,3,0.20773998627748033,False
4110,A,equal_class,shapley,5,0.0782532567837916,False
4110,A,equal_class,shapley,6,0.4912630818480804,False
4110,A,equal_class,shapley,8,0.2227436750906477,False
4110,A,equal_class,leave_one_out,3,0.0,False
4110,A,equal_class,leave_one_out,5,0.0,False
4110,A,equal_class,leave_one_out,6,0.344102587944248,False
4110,A,equal_class,leave_one_out,8,0.655897412055752,False
4110,A,equal_class,data_size,3,0.27301841473178545,False
4110,A,equal_class,data_size,5,0.24179343474779824,False
4110,A,equal_class,data_size,6,0.2602081665332266,False
4110,A,equal_class,data_size,8,0.22497998398718974,False
4110,A,equal_subject,shapley,3,0.2534167556390529,False
4110,A,equal_subject,shapley,5,0.14792844716237866,False
4110,A,equal_subject,shapley,6,0.4515378254754594,False
4110,A,equal_subject,shapley,8,0.14711697172310917,False
4110,A,equal_subject,leave_one_out,3,0.0,False
4110,A,equal_subject,leave_one_out,5,0.0,False
4110,A,equal_subject,leave_one_out,6,0.40184940658003543,False
4110,A,equal_subject,leave_one_out,8,0.5981505934199646,False
4110,A,equal_subject,data_size,3,0.27301841473178545,False
4110,A,equal_subject,data_size,5,0.24179343474779824,False
4110,A,equal_subject,data_size,6,0.2602081665332266,False
4110,A,equal_subject,data_size,8,0.22497998398718974,False
4110,B,sample_frequency,shapley,11,0.533240422829627,False
4110,B,sample_frequency,shapley,14,0.0,False
4110,B,sample_frequency,shapley,16,0.0,False
4110,B,sample_frequency,shapley,17,0.4667595771703731,False
4110,B,sample_frequency,leave_one_out,11,0.5455480425062671,False
4110,B,sample_frequency,leave_one_out,14,0.0,False
4110,B,sample_frequency,leave_one_out,16,0.0,False
4110,B,sample_frequency,leave_one_out,17,0.4544519574937329,False
4110,B,sample_frequency,data_size,11,0.23015294974508377,False
4110,B,sample_frequency,data_size,14,0.23525127458120904,False
4110,B,sample_frequency,data_size,16,0.26656955571740715,False
4110,B,sample_frequency,data_size,17,0.26802621995630005,False
4110,B,equal_class,shapley,11,0.5793009610546715,False
4110,B,equal_class,shapley,14,0.0,False
4110,B,equal_class,shapley,16,0.025526617436249628,False
4110,B,equal_class,shapley,17,0.3951724215090789,False
4110,B,equal_class,leave_one_out,11,0.6312989584444204,False
4110,B,equal_class,leave_one_out,14,0.0,False
4110,B,equal_class,leave_one_out,16,0.0,False
4110,B,equal_class,leave_one_out,17,0.36870104155557953,False
4110,B,equal_class,data_size,11,0.23015294974508377,False
4110,B,equal_class,data_size,14,0.23525127458120904,False
4110,B,equal_class,data_size,16,0.26656955571740715,False
4110,B,equal_class,data_size,17,0.26802621995630005,False
4110,B,equal_subject,shapley,11,0.5349005528572003,False
4110,B,equal_subject,shapley,14,0.0,False
4110,B,equal_subject,shapley,16,0.0,False
4110,B,equal_subject,shapley,17,0.4650994471427997,False
4110,B,equal_subject,leave_one_out,11,0.5485600390398625,False
4110,B,equal_subject,leave_one_out,14,0.0,False
4110,B,equal_subject,leave_one_out,16,0.0,False
4110,B,equal_subject,leave_one_out,17,0.4514399609601375,False
4110,B,equal_subject,data_size,11,0.23015294974508377,False
4110,B,equal_subject,data_size,14,0.23525127458120904,False
4110,B,equal_subject,data_size,16,0.26656955571740715,False
4110,B,equal_subject,data_size,17,0.26802621995630005,False
4110,C,sample_frequency,shapley,19,0.24695293201029325,False
4110,C,sample_frequency,shapley,22,0.40644731720993743,False
4110,C,sample_frequency,shapley,23,0.0,False
4110,C,sample_frequency,shapley,25,0.3465997507797693,False
4110,C,sample_frequency,leave_one_out,19,0.14196367583269542,False
4110,C,sample_frequency,leave_one_out,22,0.38370506954761796,False
4110,C,sample_frequency,leave_one_out,23,0.0,False
4110,C,sample_frequency,leave_one_out,25,0.4743312546196866,False
4110,C,sample_frequency,data_size,19,0.24623803009575923,False
4110,C,sample_frequency,data_size,22,0.21956224350205197,False
4110,C,sample_frequency,data_size,23,0.25444596443228457,False
4110,C,sample_frequency,data_size,25,0.27975376196990426,False
4110,C,equal_class,shapley,19,0.38289135388162093,False
4110,C,equal_class,shapley,22,0.34723755024921543,False
4110,C,equal_class,shapley,23,0.01554089520215516,False
4110,C,equal_class,shapley,25,0.25433020066700845,False
4110,C,equal_class,leave_one_out,19,0.46026283880605845,False
4110,C,equal_class,leave_one_out,22,0.273300963797298,False
4110,C,equal_class,leave_one_out,23,0.0,False
4110,C,equal_class,leave_one_out,25,0.2664361973966436,False
4110,C,equal_class,data_size,19,0.24623803009575923,False
4110,C,equal_class,data_size,22,0.21956224350205197,False
4110,C,equal_class,data_size,23,0.25444596443228457,False
4110,C,equal_class,data_size,25,0.27975376196990426,False
4110,C,equal_subject,shapley,19,0.24031342221067314,False
4110,C,equal_subject,shapley,22,0.40482157542187747,False
4110,C,equal_subject,shapley,23,0.0,False
4110,C,equal_subject,shapley,25,0.3548650023674493,False
4110,C,equal_subject,leave_one_out,19,0.12299354928297697,False
4110,C,equal_subject,leave_one_out,22,0.3796183298673663,False
4110,C,equal_subject,leave_one_out,23,0.0,False
4110,C,equal_subject,leave_one_out,25,0.4973881208496567,False
4110,C,equal_subject,data_size,19,0.24623803009575923,False
4110,C,equal_subject,data_size,22,0.21956224350205197,False
4110,C,equal_subject,data_size,23,0.25444596443228457,False
4110,C,equal_subject,data_size,25,0.27975376196990426,False
4110,D,sample_frequency,shapley,27,0.22603361248152828,False
4110,D,sample_frequency,shapley,28,0.18731580116221608,False
4110,D,sample_frequency,shapley,29,0.26999402327310235,False
4110,D,sample_frequency,shapley,30,0.3166565630831534,False
4110,D,sample_frequency,leave_one_out,27,0.0,False
4110,D,sample_frequency,leave_one_out,28,0.0,False
4110,D,sample_frequency,leave_one_out,29,0.19759388440577355,False
4110,D,sample_frequency,leave_one_out,30,0.8024061155942265,False
4110,D,sample_frequency,data_size,27,0.2531986531986532,False
4110,D,sample_frequency,data_size,28,0.2572390572390572,False
4110,D,sample_frequency,data_size,29,0.23164983164983166,False
4110,D,sample_frequency,data_size,30,0.2579124579124579,False
4110,D,equal_class,shapley,27,0.2951676834500291,False
4110,D,equal_class,shapley,28,0.23134762340599407,False
4110,D,equal_class,shapley,29,0.23619905560447513,False
4110,D,equal_class,shapley,30,0.23728563753950183,False
4110,D,equal_class,leave_one_out,27,0.6405793015201761,False
4110,D,equal_class,leave_one_out,28,0.07806023632543053,False
4110,D,equal_class,leave_one_out,29,0.0,False
4110,D,equal_class,leave_one_out,30,0.2813604621543934,False
4110,D,equal_class,data_size,27,0.2531986531986532,False
4110,D,equal_class,data_size,28,0.2572390572390572,False
4110,D,equal_class,data_size,29,0.23164983164983166,False
4110,D,equal_class,data_size,30,0.2579124579124579,False
4110,D,equal_subject,shapley,27,0.2277930885832318,False
4110,D,equal_subject,shapley,28,0.1831653465611948,False
4110,D,equal_subject,shapley,29,0.277274495143102,False
4110,D,equal_subject,shapley,30,0.31176706971247137,False
4110,D,equal_subject,leave_one_out,27,0.0,False
4110,D,equal_subject,leave_one_out,28,0.0,False
4110,D,equal_subject,leave_one_out,29,0.24695929980496006,False
4110,D,equal_subject,leave_one_out,30,0.7530407001950399,False
4110,D,equal_subject,data_size,27,0.2531986531986532,False
4110,D,equal_subject,data_size,28,0.2572390572390572,False
4110,D,equal_subject,data_size,29,0.23164983164983166,False
4110,D,equal_subject,data_size,30,0.2579124579124579,False
